"";"Region_pub";"Samples_nb";"Source";"Ref_paper";"Name_paper";"List_inter_dispo";"List_inter_dbase";"Data_type";"full_poll";"full_plants";"full_insects";"full_inter";"full_visits";"visits.inter";"visits.pl";"sptot";"I.P";"P.I";"Lp";"Li";"Connectance";"ln_pl";"ln_ins";"ln_visits";"ln_sptot";"ln_Lp";"ln_Li";"ln_C";"dipt_plants";"dipt_insects";"dipt_inter";"hymeno_plants";"hymeno_insects";"hymeno_inter";"bees_plants";"bees_insects";"bees_inter";"hymeno_no_bees_plants";"hymeno_no_bees_insects";"hymeno_no_bees_inter";"bees_no_apis_plants";"bees_no_apis_insects";"bees_no_apis_inter";"apis_plants";"apis_insects";"apis_inter";"Location";"Country_location";"Land_type";"Latitude_dec";"Latitude_abs";"Longitude_dec";"Altitude";"Mean_T_IPCC";"T_Seasonality_IPCC";"Tot_Rainfall_IPCC";"Rainfall_Seasonality_IPCC";"HII";"ln_HII";"HF";"ln_HF";"Habitat";"Biome_code";"Biome_name";"Code_ecoregion";"Ecoregion_name";"Full_time_span";"Annual_time_span";"ln_ATS";"Sampling_time";"Sampling_time_detail";"ln_time";"Sampling_effort";"ln_SE";"Sampling_type";"Sampling_type_detail";"Sampling_area";"Habitat_area";"Area";"Dist_max";"Period";"Year";"Season";"Sampling_method";"Restricted_sampling";"Insects_Group";"Plants_Group";"H2_full";"dmoyi";"dmoyp";"Taxo_util";"Data_format";"X";"Remarques";"Forest";"ln_forest";"full_taxo";"taxo_full_sp";"taxo_full_sp_perc";"taxo_full_ins";"taxo_full_ins_perc";"taxo_full_pl";"taxo_full_pl_perc"
"1";"RP1";NA;"IWD";"S19";"";"Y";"Y";"binary";113;131;113;544;NA;NA;NA;244;0,86;1,159;4,15267175572519;4,8141592920354;0,0367493075727893;4,883;4,736;NA;5,501;1,424;1,572;-3,304;83;38;204;79;56;235;58;49;193;35;7;42;58;49;193;0;0;0;"Cordon del Crepo, Andean zone, Chile";"Chile";"M";-33,28;33,28;-70,27;2900;-1,2;3,955;458;85;9;2,303;18;2,944;"alpine";"10";"Montane grasslands and shrublands";"61008";"Southern Andean steppe";NA;183;5,209;699,9;"233.3 hours";6,551;0,047;-3,052;"TO";"";NA;NA;NA;NA;"Non_uniform";1983;"Spring & Summer";"V";"N";NA;NA;NA;NA;NA;NA;NA;NA;"";1,7;0,993;51,21;186;76,23;54,87;62;124;94,66
"4";"RP4";NA;"IWD";"S22";"";"Y";"Y";"binary";38;11;36;104;NA;NA;NA;47;3,27;0,306;9,45454545454546;2,88888888888889;0,262626262626263;2,485;3,611;NA;3,871;2,246;1,061;-1,337;11;16;44;11;18;55;11;14;45;7;4;10;10;13;39;6;1;6;"Cementerio de los Tajinastes, Tenerife, Canary Island";"Canary Islands (Spain)";"OI";28,22;28,22;-16,63;2050;10,6;4,437;486;89;44;3,807;30;3,434;"sub-alpine desert";"12";"Mediterranean Forests, woodlands and scrubs";"81203";"Canary Islands dry woodlands and forests";NA;30;3,401;145;"145 hours";4,977;0,366;-1,005;"T";"";NA;NA;120000;0,5;"7 May to 7 June 2001";2001;"Spring";"V";"N";NA;NA;NA;NA;NA;NA;NA;NA;"";3,2;1,435;92,31;43;91,49;88,89;32;11;100
"5";"RP5";NA;"IWD";"S23";"";"Y";"Y";"frequency";118;23;118;238;383;1,61;16,65;141;5,13;0,195;10,3478260869565;2,01694915254237;0,0876934414148858;3,178;4,779;5,948;4,956;2,337;0,702;-2,434;22;89;181;13;17;25;6;2;7;9;15;18;6;2;7;0;0;0;"Latnjajaure, Subarctic Sweden";"Sweden";"M";68,35;68,35;18,5;985;-3,3;7,303;638;29;8;2,197;2;1,099;"arctic sub-alpine meadow";"11";"Tundra";"81110";"Scandinavian Montane Birch forest and grasslands";NA;90;4,5;470;"470 hours";6,153;0,173;-1,753;"T";"";NA;NA;1500;0,058;"21 May to 31 August 2004";2004;"Summer";"V";"N";NA;NA;0,604;NA;NA;NA;NA;NA;"";2,2;1,163;68,07;89;63,12;56,78;67;22;95,65
"6";"RP6";NA;"jstor.org";"S24";"";"Y";"Y";"binary";179;26;179;412;8442;20,49;324,69;205;6,89;0,145;15,8461538461538;2,30167597765363;0,0885259991405243;3,296;5,193;9,041;5,328;2,763;0,834;-2,424;20;28;96;25;83;204;24;55;154;13;28;50;21;54;140;14;1;14;"Donana National Park, Andalusia, Spain";"Spain";"M";37,17;37,17;-6,55;0;17,8;5,244;516;63;34;3,555;22;3,135;"mediterranean scrub";"12";"Mediterranean Forests, woodlands and scrubs";"81221";"Southwest Iberian Mediterranean sclerophyllous and mixed forests";NA;365;5,9;104;"104 hours";4,644;0,022;-3,801;"TO";"";NA;NA;40000;0,283;"January 1982 to February 1984";1984;"Yearly";"V";"N";NA;NA;NA;NA;NA;NA;NA;NA;"Data sous forme de liste dans la publi. Recorded as binary because the counts were registered for Families only";12,8;2,625;73,06;168;81,95;79,33;142;26;100
"8";"RP8";NA;"IWD";"S26";"";"Y";"Y";"frequency";88;41;88;279;1459;5,23;35,59;129;2,15;0,466;6,80487804878049;3,17045454545455;0,0773281596452328;3,738;4,489;7,286;4,868;1,918;1,154;-2,56;38;50;158;23;28;91;21;24;75;13;4;16;20;23;74;1;1;1;"Snowy mountains, Kosciusko National Park, New South Wales, Australia";"Australia";"M";-36,42;36,42;148,33;1950;5,7;4,742;1847;32;17;2,89;12;2,565;"montane forest";"10";"Montane grasslands and shrublands";"11001";"Australian Alps montane grasslands";NA;100;4,605;63;"63 hours";4,143;0,017;-4,048;"TO";"";NA;NA;104;2;"21 December 1983 to 30 March 1984";1984;"Summer";"V";"N";NA;NA;0,639;NA;NA;NA;NA;NA;"";31,2;3,472;17,44;59;45,74;22,73;20;39;95,12
"9";"RP9";NA;"IWD";"S27";"";"Y";"Y";"frequency";679;93;679;1207;2391;1,98;25,71;772;7,3;0,137;12,9784946236559;1,77761413843888;0,0191141305208482;4,543;6,522;7,779;6,65;2,563;0,575;-3,957;57;276;427;80;192;443;78;67;284;41;125;159;78;66;279;5;1;5;"Ashu Forest, Kyoto, Japan";"Japan";"CI";35,34;35,34;134,76;800;12,9;8,272;1827;26;28;3,367;28;3,367;"beech primary forest";"4";"Temperate broadleaf and mixed forests";"80427";"Nihonkai evergreen forests";NA;186;5,226;186;"186 hours";5,226;0,003;-5,827;"T";"";NA;NA;7000;2,5;"Late April to early October. 1984 to 1987";1987;"Spring, Summer & Automn";"V";"N";NA;NA;0,703;NA;NA;NA;NA;NA;"";53,1;3,991;53,44;344;44,56;36,97;251;93;100
"12";"RP12";NA;"IWD";"S30";"";"Y";"Y";"binary";45;21;45;83;112;1,35;5,33;66;2,14;0,467;3,95238095238095;1,84444444444444;0,0878306878306878;3,091;3,829;4,718;4,205;1,374;0,612;-2,432;10;18;34;16;11;27;12;7;21;4;4;6;12;7;21;0;0;0;"Andes of Mendoza, Argentina";"Argentina";"M";-34,17;34,17;-69,7;3300;2,2;4,367;521;68;16;2,833;4;1,609;"alpine xeric scrub";"10";"Montane grasslands and shrublands";"61008";"Southern Andean steppe";NA;6;1,792;105;"105 hours";4,654;0,111;-2,197;"T";"";NA;NA;20000;0,224;"14 to 20 January 1995";1995;"Summer";"V";"N";NA;NA;NA;NA;NA;NA;NA;NA;"";0,5;0,405;24,1;36;54,55;33,33;15;21;100
"13";"RP13";NA;"IWD";"S30";"";"Y";"Y";"binary";72;21;71;123;247;2,01;11,76;92;3,38;0,296;5,85714285714286;1,73239436619718;0,0824949698189135;3,091;4,277;5,509;4,533;1,768;0,55;-2,495;10;30;55;18;26;47;16;19;38;6;7;9;15;18;36;2;1;2;"Andes of Mendoza, Argentina";"Argentina";"M";-33;33;-69,28;1900;10,3;4,591;240;18;34;3,555;16;2,833;"alpine xeric scrub & woody riverine vegetation";"10";"Montane grasslands and shrublands";"61008";"Southern Andean steppe";NA;6;1,792;115;"115 hours";4,745;0,077;-2,562;"T";"";NA;NA;25000;0,269;"11 to 17 December 1996";1996;"Summer";"V";"N";NA;NA;NA;NA;NA;NA;NA;NA;"";5,4;1,856;39,02;39;42,39;29,58;21;18;85,71
"17";"RP17";NA;"IWD";"S35";"";"Y";"Y";"frequency";13;14;12;42;1226;29,19;87,57;26;0,86;1,167;3;3,5;0,25;2,708;2,565;7,112;3,296;1,099;1,253;-1,386;8;5;13;13;3;18;13;3;18;0;0;0;4;2;6;12;1;12;"Ile aux Aigrettes, Mauritian";"Mauritius";"OI";-20,42;20,42;57,73;10;23,2;2,123;1820;47;58;4,078;48;3,892;"rocky cliff & open herb area";"1";"Tropical and subtropical moist broadleaf forests";"30120";"Mascarene forests";NA;60;4,094;170;"170 hours";5,136;1,012;0,012;"TO";"";NA;NA;330000;0,707;"November 1998 & June 1999";1999;"Automn & Summer";"V";"N";NA;NA;0,587;NA;NA;NA;NA;NA;"";19;2,996;69,05;22;84,62;66,67;8;14;100
"18";"RP18";NA;"IWD";"S35";"";"Y";"Y";"frequency";12;10;12;30;1139;37,97;113,9;22;1,2;0,833;3;2,5;0,25;2,398;2,565;7,038;3,135;1,099;0,916;-1,386;6;6;13;8;4;13;8;3;12;1;1;1;8;2;9;3;1;3;"Flores Island, Azores";"Azores (Portugal)";"OI";39,47;39,47;-31,14;100;17,6;2,98;1407;38;6;1,946;40;3,714;"coastal forest";"4";"Temperate broadleaf and mixed forests";"80403";"Azores temperate forests";NA;30;3,401;113;"113 hours";4,727;0,942;-0,06;"TO";"";NA;NA;370000;0,721;"July 2000";2000;"Summer";"V";"N";NA;NA;0,535;NA;NA;NA;NA;NA;"";51,5;3,961;80;21;95,45;91,67;11;10;100
"19";"RP19";NA;"IWD";"S40";"";"Y";"Y";"binary";53;26;51;105;NA;NA;NA;77;1,96;0,51;4,03846153846154;2,05882352941176;0,0791855203619909;3,296;3,951;NA;4,357;1,396;0,722;-2,536;14;9;22;24;29;63;23;18;41;10;11;22;21;17;33;8;1;8;"Calabozo, Guarica state, Venezuela";"Venezuela";"M";8,93;8,93;-67,42;74;27,4;0,95;1201;84;64;4,174;62;4,143;"palm forest";"7";"Tropical and subtropical grasslands, savannas and shrublands";"60709";"Llanos";NA;365;5,9;504;"504 hours";6,223;0,38;-0,967;"TO";"";NA;NA;NA;NA;"1983, 1984, & 1989";1989;"Yearly";"P";"N";NA;NA;NA;NA;NA;NA;NA;NA;"";13,3;2,66;75,24;58;75,32;62,75;32;26;100
"21";"RP21";NA;"IWD";"S43";"";"Y";"Y";"frequency";34;13;34;141;992;7,04;76,31;47;2,62;0,382;10,8461538461538;4,14705882352941;0,319004524886878;2,639;3,555;6,9;3,871;2,384;1,422;-1,143;12;15;48;11;15;88;11;15;88;0;0;0;11;14;83;5;1;5;"Mer Bleue peat bog of Ottawa, Canada";"Canada";"M";45,41;45,41;-75,52;70;6;10,911;882;13;78;4,369;56;4,043;"boreal wetland/peat bog";"4";"Temperate broadleaf and mixed forests";"50407";"Eastern Great Lakes lowland forests";NA;100;4,605;130;"130 hours";4,868;0,294;-1,224;"TO";"";NA;NA;196349,375;0,5;"April to July 1973";1973;"Spring & Summer";"V";"N";NA;NA;0,567;NA;NA;NA;NA;NA;"";20,4;3,063;94,33;45;95,74;94,12;32;13;100
"22";"RP22";NA;"IWD";"S45";"";"Y";"Y";"frequency";90;14;88;159;5274;33,17;376,71;102;6,29;0,159;11,3571428571429;1,80681818181818;0,129058441558442;2,708;4,489;8,571;4,635;2,43;0,592;-2,047;9;16;38;14;41;79;13;23;53;9;18;26;13;23;53;0;0;0;"Nahuel Huapi National Park, Argentina";"Argentina";"M";-41,05;41,05;-71,53;770;8,6;4,106;1241;57;38;3,664;26;3,296;"evergreen montane forest";"4";"Temperate broadleaf and mixed forests";"60404";"Valdivian temperate forests";NA;304;5,717;452;"452 hours";6,114;0,367;-1,003;"TO";"";NA;NA;720000;60;"Early October to Late February, 1999 to 2001";2001;"Spring & Summer";"V";"N";NA;NA;0,635;NA;NA;NA;NA;NA;"Publi originale avec 8 réseaux qui ont été fusionnés";50,8;3,947;44,03;36;35,29;25;22;14;100
"26";"RP26";NA;"WOL";"S37";"";"Y";"Y";"binary";666;131;666;2933;18000;6,14;137,4;797;5,08;0,197;22,3893129770992;4,4039039039039;0,0336175870527016;4,883;6,503;9,798;6,682;3,109;1,482;-3,393;99;191;763;128;342;1563;128;275;1397;48;67;166;123;274;1293;104;1;104;"Mont Aegaleo, Daphni, Grece";"Greece";"M";38,02;38,02;23,64;175;17,1;6,513;452;63;66;4,205;68;4,234;"mediterranean low scrub";"12";"Mediterranean Forests, woodlands and scrubs";"81201";"Aegean and Western Turkey sclerophyllous and mixed forests";NA;365;5,9;5000;"5000 hours";8,517;0,057;-2,859;"TO";"";NA;NA;3e+05;0,775;"April 1983 to May 1987";1987;"Yearly";"V";"N";NA;NA;NA;NA;NA;NA;NA;NA;"Thèse en grec ! Manque juste info sur dates et aire d'échantillonnage";3,1;1,411;91,41;680;85,32;82,43;549;131;100
"28";"RP28";NA;"WOL";"S39";"";"Y";"Y";"binary";49;45;46;147;NA;NA;NA;91;1,02;0,978;3,26666666666667;3,19565217391304;0,0710144927536232;3,829;3,85;NA;4,522;1,184;1,162;-2,645;5;5;7;43;35;130;40;20;98;11;15;32;40;19;81;17;1;17;"Parque Nacional Cainama, Venezuela";"Venezuela";"M";5,58;5,58;-61,72;1350;18,9;0,399;2212;54;6;1,946;0;0;"tropical shrubland";"7";"Tropical and subtropical grasslands, savannas and shrublands";"60707";"Guianan savanna";NA;183;5,209;550;"550 hours";6,31;0,266;-1,325;"TO";"";NA;NA;1e+05;0,447;"February - March , June - July , September-October ";1988;"Yearly";"V";"N";NA;NA;NA;NA;NA;NA;NA;NA;"Data recorded in the current dataset are those for visitors (broad sense) but the paper distinguished between real pollinators and visitors";51,7;3,965;52,38;62;68,13;39,13;18;44;97,78
"30";"RP30";NA;"WOL";"S44";"";"Y";"Y";"binary";128;26;124;303;5894;19,45;226,69;150;4,77;0,21;11,6538461538462;2,44354838709677;0,0939826302729529;3,296;4,828;8,682;5,017;2,456;0,893;-2,365;20;52;113;23;21;94;23;11;77;7;10;17;23;10;59;18;1;18;"Northern Chiloe Island, Chile";"Chile";"CI";-42;42;-73,58;30;10,4;2,282;2303;43;28;3,367;10;2,398;"temperate rain forest";"4";"Temperate broadleaf and mixed forests";"60404";"Valdivian temperate forests";NA;183;5,209;446;"446 hours";6,1;0,138;-1,978;"TO";"";NA;NA;NA;NA;"October 1999 to January 2000, from October 2000 to
March 2001 and from October 2001 to February 2002";2002;"Spring & Summer";"V";"N";NA;NA;NA;NA;NA;NA;NA;NA;"";69,3;4,253;57,1;84;56;46,77;58;26;100
"32";"RP32";NA;"Science On-line";"S74";"";"Y";"Y";"frequency";54;24;54;250;3620;14,48;150,83;78;2,25;0,444;10,4166666666667;4,62962962962963;0,192901234567901;3,219;4,007;8,194;4,369;2,343;1,532;-1,646;0;0;0;24;54;250;24;54;250;0;0;0;24;53;238;12;1;12;"Carlinville, Illinois, USA";" USA";"M";39,28;39,28;-89,88;200;11,8;9,532;953;22;78;4,369;66;4,205;"prairie-forest transition";"8";"Temperate grasslands, savannas and shrublands";"50804";"Central forest-grasslands transition";NA;90;4,5;447;"447 hours";6,103;0,345;-1,064;"T";"";NA;NA;NA;NA;"March to May 2009 & 2010";2010;"Spring";"V";"N";NA;NA;0,479;NA;NA;NA;NA;NA;"";8,6;2,262;100;78;100;100;54;24;100
"33";"RP33";NA;"Wiley Online Library";"S75";"";"Y";"Y";"frequency";256;56;254;569;3050;5,36;54,46;310;4,54;0,22;10,1607142857143;2,24015748031496;0,0400028121484814;4,043;5,541;8,023;5,74;2,319;0,807;-3,219;31;61;88;46;60;177;33;45;102;35;15;75;30;44;81;21;1;21;"Würzburg, Germany";" Germany";"M";49,78;49,78;9,97;250;9;6,644;637;18;94;4,554;66;4,205;"fallow land";"4";"Temperate broadleaf and mixed forests";"80445";"Western European broadleaf forests";NA;65;4,174;84;"84 hours";4,431;0,006;-5,132;"T";"";NA;NA;2592;0,071;"April 20, April 27,
May 5, May 10, June 7 and June 26, 2010";2010;"Spring";"V";"N";NA;NA;0,526;NA;NA;NA;NA;NA;"6 temporal networks merged in one";10,6;2,451;48,86;133;42,9;33,07;84;49;87,5
"34";"RP34";NA;"Science Direct";"S76";"";"Y";"Y";"frequency";517;81;517;1811;13654;7,54;168,57;598;6,38;0,157;22,358024691358;3,50290135396518;0,0432456957279652;4,407;6,25;9,522;6,395;3,107;1,254;-3,141;65;292;1018;63;118;411;57;59;305;23;59;106;55;58;277;28;1;28;"Swabian Jura, Germany";" Germany";"M";48,44;48,44;9,55;750;6,9;6,377;954;25;22;3,135;18;2,944;"meadows";"4";"Temperate broadleaf and mixed forests";"80445";"Western European broadleaf forests";NA;122;4,804;240;"240 hours";5,481;0,006;-5,162;"T";"";NA;NA;40000;29,052;"May to August 2007";2007;"Spring & Summer";"V";"N";NA;NA;0,474;NA;NA;NA;NA;NA;"";15,1;2,779;98,45;587;98,16;98,07;507;80;98,77
"36";"RP36";NA;"IWD";"S78";"";"Y";"Y";"frequency";167;83;163;1035;30020;29;361,69;246;1,96;0,509;12,4698795180723;6,34969325153374;0,0765023283317318;4,431;5,1;10,31;5,509;2,523;1,848;-2,57;75;71;583;70;18;148;53;2;54;57;16;94;1;1;1;53;1;53;"Black River Gorges
National Park, Mauritius Island";" Mauritius";"OI";-20,42;20,42;57,44;680;19,6;2,184;1874;51;34;3,555;26;3,296;"heathland";"1";"Tropical and subtropical moist broadleaf forests";"30120";"Mascarene forests";NA;183;5,209;4002;"4002 hours in 2 sample sites";8,295;0,296;-1,218;"TO";"";NA;NA;124000;0,352;"September 2003 to March 2004";2004;"Spring & Summer";"V";"N";NA;NA;0,368;NA;NA;NA;NA;NA;"Non_uniform";56,7;4,055;71,78;154;62,6;44,17;72;82;98,8
"38";"RP38";NA;"IWD";"S80";"";"Y";"Y";"binary";119;32;119;367;NA;NA;NA;151;3,72;0,269;11,46875;3,08403361344538;0,0963760504201681;3,497;4,787;NA;5,024;2,44;1,126;-2,339;10;15;29;30;78;212;28;52;152;20;26;60;28;52;152;0;0;0;"Natural Park of Cap de Creus, Catalonia";"Spain";"M";43,31;43,31;3,3;60;15,3;5,172;585;33;28;3,367;58;4,078;"costal mediterranean shrubland";"12";"Mediterranean Forests, woodlands and scrubs";"81215";"Northeastern Spain and Southern France Mediterranean forests";NA;122;4,804;67,2;"67,2 hours";4,208;0,018;-4,037;"T";"";NA;NA;2400;14,683;"April to July 2005";2005;"Spring & Summer";"V";"N";NA;NA;0,41;NA;NA;NA;NA;NA;"merged all 12 networks as not clear which treatment each site had (either invasive species or not)";3,9;1,589;41,96;60;39,74;24,37;29;31;96,88
"39";"RP39";NA;"DRYAD & oikosjournal.org";"S82";"";"Y";"Y";"frequency";125;41;125;319;900;2,82;21,95;166;3,05;0,328;7,78048780487805;2,552;0,0622439024390244;3,738;4,836;6,802;5,118;2,052;0,937;-2,777;33;92;239;29;11;53;24;7;40;9;4;13;24;7;40;0;0;0;"Mont Murray, Canadian Rockies, Kananaskis Country, Alberta, Canada";" Canada";"M";50,75;50,75;-115,28;2375;-1,9;7,909;653;24;12;2,565;8;2,197;"low-alpine meadow";"5";"Temperate Coniferous Forest";"50501";"Alberta Mountain forests";NA;62;4,127;47;NA;3,85;0,009;-4,692;"T";"";NA;NA;600;0,141;"24 June 2010 to 26 August 2010";2010;"Summer";"V";"N";NA;NA;0,454;NA;NA;NA;NA;NA;"";22,4;3,153;56,11;91;54,82;40;50;41;100
"40";"RP40";NA;"DRYAD";"S83";"";"Y";"Y";"binary";177;96;176;1181;13174;11,15;137,23;272;1,83;0,545;12,3020833333333;6,71022727272727;0,0698982007575758;4,575;5,176;9,486;5,609;2,51;1,904;-2,661;58;37;308;86;75;491;86;37;335;32;38;156;83;36;297;38;1;38;"Balcarce, Argentina";" Argentina";"M";-37,82;37,82;-58,2;185;13,6;4,593;834;19;27;3,332;18;2,944;"pampa hill (sierra)";"8";"Temperate grasslands, savannas and shrublands";"60803";"Humid Pampas";NA;214;5,366;318;"26,5 hours";5,762;0,019;-3,973;"T";"";NA;NA;376,9908;0,112;"October 2007 to April 2008";2008;"Spring, Summer & Automn";"V";"N";NA;NA;NA;NA;NA;NA;NA;NA;"";6;1,934;46,71;160;58,82;36,36;64;96;100
"41";"RP41";NA;"DRYAD & Wiley Online Library";"S85";"";"Y";"Y";"frequency";311;96;311;1029;3949;3,84;41,14;407;3,24;0,309;10,71875;3,30868167202572;0,0344654340836013;4,575;5,743;8,281;6,011;2,372;1,197;-3,368;87;217;743;50;43;171;50;43;171;0;0;0;49;42;164;7;1;7;"Berchtesgaden National Park, German Alps, Germany";" Germany";"M";47,55;47,55;12,9;1380;3,8;6,547;1313;28;22;3,135;26;3,296;"montane grassland";"5";"Temperate Coniferous Forest";"80501";"Alps conifer and mixed forests";NA;112;4,718;210;"210 hours";5,347;0,007;-4,957;"T";"";NA;NA;1800;0,15;"May to September 2010";2010;"Spring & Summer";"V";"N";NA;NA;0,51;NA;NA;NA;NA;NA;"";20;2,951;99,56;403;99,02;99,36;309;94;97,92
"42";"RP42";NA;"IWD";"S86";"";"Y";"Y";"frequency";139;35;139;541;11908;22,01;340,23;174;3,97;0,252;15,4571428571429;3,89208633093525;0,11120246659815;3,584;4,942;9,385;5,165;2,738;1,359;-2,196;33;59;285;34;25;149;33;8;87;27;17;62;31;7;57;30;1;30;"Mahe Island, Seychelles";" Seychelles";"OI";-4,66;4,66;55,45;444;25,3;0,62;2266;49;16;2,833;16;2,833;"inselberg (steep monolithic outcrop)";"1";"Tropical and subtropical moist broadleaf forests";"30113";"Granitic Seychelles forests";NA;244;5,497;2976;"2976 hours";7,998;0,612;-0,491;"TO";"";NA;NA;5600;0,184;"September 2012 to April 2013";2013;"Spring, Summer & Automn";"V";"N";NA;NA;0,279;NA;NA;NA;NA;NA;"Non_uniform";37,9;3,658;70,92;95;54,6;43,17;60;35;100
"43";"RP43";NA;"?";"S87";"";"Y";"Y";"binary";136;139;136;2132;32371;15,18;232,88;275;0,98;1,022;15,3381294964029;15,6764705882353;0,112780363944139;4,942;4,92;10,385;5,62;2,73;2,752;-2,182;113;66;1134;135;44;769;134;30;695;35;14;74;134;29;683;12;1;12;"Shangri-La Alpine Botanical Garden, Yunnan, China";" China";"M";25,9;25,9;99,63;3325;12,5;4,3;1097;86;22;3,135;10;2,398;"alpine meadow";"1";"Tropical and subtropical moist broadleaf forests";"80102";"Yunnan Plateau subtropical evergreen forests";NA;50;3,912;501;"501 hours";6,217;0,027;-3,631;"TO";"";NA;NA;48;0,838;"From July 10 to August 26, 2007, July 13 to August 24, 2008, July 10 to August 27, 2009 & July 10 to August 29, 2010";2010;"Summer";"V";"N";NA;NA;NA;NA;NA;NA;"Matrices";NA;"4 réseaux fusionnés : un par année";28,1;3,371;34,52;167;60,73;20,59;28;139;100
"47";"RP47";NA;"?";"S91";"";"Y";"Y";"binary";27;15;27;121;1113;9,2;74,2;42;1,8;0,556;8,06666666666667;4,48148148148148;0,298765432098765;2,773;3,332;7,015;3,761;2,088;1,5;-1,208;12;9;27;15;11;76;15;5;48;14;6;28;15;5;48;0;0;0;"Ka‘ena Point, O'ahu, Hawaii";" Hawaii";"OI";21,57;21,57;-158,27;0;23,1;1,468;899;56;34;3,555;16;2,833;"coastal meadow";"7";"Tropical and subtropical grasslands, savannas and shrublands";"70702";"Hawaii tropical low shrublands";NA;30;3,401;128,5;"128,5 hours";4,856;0,317;-1,148;"T";"";NA;NA;28274,31;1;"March 2008 & 2009";2009;"Spring";"V";"N";NA;NA;NA;NA;NA;NA;"Matrice colorée";NA;"";22,2;3,144;54,55;26;61,9;40,74;11;15;100
"48";"RP48";NA;"?";"S92";"";"Y";"Y";"binary";118;57;118;326;NA;NA;NA;175;2,07;0,483;5,71929824561404;2,76271186440678;0,0484686292001189;4,06;4,779;NA;5,17;1,744;1,016;-3,027;0;0;0;56;109;309;56;103;299;6;6;10;55;102;273;26;1;26;"Goegab Natural Reserve, Namaqualand Rocky Hills, South Africa";" South Africa";"M";-29,62;29,62;17,98;950;15,9;4,103;210;48;31;3,466;8;2,197;"open dwarf scrubs";"13";"Deserts and xeric shrublands";"31322";"Succulent Karoo";NA;152;5,024;1350;"1350 hours";7,208;0,201;-1,606;"T";"";NA;NA;NA;1,414;"late June to October 1985, July to late November 1986, & mid-August to mid-November 1987";1987;"Winter & Automn";"P";"N";NA;NA;NA;NA;NA;NA;"Texte / Interactions";NA;"";0;0;71,17;130;74,29;66,1;78;52;91,23
"51";"RP51";NA;"WOL";"S95";"";"Y";"Y";"frequency";604;110;604;1125;2210;1,96;20,09;714;5,49;0,182;10,2272727272727;1,86258278145695;0,0169325707405178;4,71;6,405;7,701;6,572;2,325;0,622;-4,079;60;55;148;75;48;157;63;26;96;41;22;61;62;25;94;2;1;2;"Amami-Ohsima Island, Japan";" Japan";"CI";28,37;28,37;129,48;50;20,5;4,907;2980;31;55;4,025;26;3,296;"coastal shrub & lowland forest";"1";"Tropical and subtropical moist broadleaf forests";"40170";"Nansei Islands subtropical evergreen forests";NA;365;5,9;448,5;"448,5 hours";6,106;0,007;-4,998;"T";"";NA;NA;NA;60;"1996 to 1999";1999;"Yearly";"V";"N";NA;NA;0,729;NA;NA;NA;"WOL";NA;"";71,9;4,289;58,67;388;54,34;46,19;279;109;99,09
"55";"RP55";NA;"Aizen et al. 2008";"S99";"Morales et al 2006";"Y";"Y";"binary";36;7;36;61;267;4,38;38,14;43;5,14;0,194;8,71428571428571;1,69444444444444;0,242063492063492;2,079;3,611;5,587;3,784;2,165;0,527;-1,419;5;9;21;6;14;25;6;11;21;3;3;4;6;10;17;4;1;4;"Nahuel Huapi National Park, Patagonia, Argentina";" Argentina";"M";-41,25;41,25;-71,29;1334;6;4,271;791;60;22;3,135;8;2,197;"";"4";"Temperate broadleaf and mixed forests";"60404";"Valdivian temperate forests";NA;90;4,5;102;"51 hours";4,625;0,405;-0,904;"TO";"observation of flower patch for 15 min";NA;NA;40000;0,2;"2000-2001 austral flowering season";2001;"Austral spring";"V";"N";NA;NA;NA;NA;NA;NA;"";NA;"";28,6;3,388;51,43;23;53,49;44,44;16;7;100
"56";"RP56";NA;"original pub";"S100";"Albrecht et al 2010";"Y";"Y";"binary";75;33;75;179;506;2,83;15,33;108;2,27;0,44;5,42424242424242;2,38666666666667;0,0723232323232323;3,526;4,331;6,227;4,691;1,691;0,87;-2,627;28;50;136;14;17;33;11;12;28;5;5;5;11;12;28;0;0;0;"Bernina Range, central
Alps of Switzerland";" Switzerland";"M";46,44;46,44;9,94;1956;1,8;5,609;1063;32;47;3,871;41;3,738;"subalpine belt";"5";"Temperate Coniferous Forest";"80501";"Alps conifer and mixed forests";NA;90;4,5;23,5;"4 h and 40 min";3,157;0,009;-4,657;"T";"2 perpendicular transects per site";NA;NA;800;0,05;"10 June to 21 August 2008";2008;"summer";"V";"N";NA;NA;NA;NA;NA;NA;"";NA;"";8,3;2,23;46,61;78;72,22;62,67;47;31;93,94
"58";"RP58";NA;"original pub";"S102";"Baldock et al 2011";"Y";"Y";"binary";122;44;122;216;2103;9,74;47,8;166;2,77;0,361;4,90909090909091;1,77049180327869;0,0402384500745156;3,807;4,812;7,651;5,118;1,591;0,571;-3,213;19;28;40;35;64;137;33;43;104;14;21;33;32;42;93;11;1;11;"Mpala Research Centre, Laikipia District, central Kenya";" Kenya";"M";0,32;0,32;36,89;1725;17,9;0,567;697;56;22;3,135;20;3,045;"";"7";"Tropical and subtropical grasslands, savannas and shrublands";"30711";"Northern Acacia-Commiphora bushlands and thickets";NA;120;4,787;306;"Non_uniform";5,724;0,057;-2,865;"TO";"observation of flower patch for 20 min";NA;NA;10000;0,112;"Non_uniform";2004;"main annual flowering season";"V";"N";NA;NA;NA;NA;NA;NA;"";NA;"localization from map Figure 2.3 thesis Ruiz-Guajardo + removed visitors called ""large Apidae sp"" because according to the authors it grouped many different species.";3,6;1,526;27,23;73;43,98;32,79;40;33;75
"61";"RP61";NA;"Chamberlain et al. 2014";"S105";"Chamberlain et al. 2014";"Y";"Y";"binary";220;42;219;877;NA;NA;NA;261;5,21;0,192;20,8809523809524;4,00456621004566;0,0953468145248967;3,761;5,394;NA;5,568;3,039;1,387;-2,35;36;63;198;40;139;606;40;120;571;16;19;35;40;119;555;16;1;16;"British Columbia, western Canada";" Canada";"CI";48,8;48,8;-123,89;183;8,9;5,032;1580;66;38;3,664;26;3,296;"oak savannah";"5";"Temperate Coniferous Forest";"50510";"Central Pacific coastal forests";NA;90;4,5;674,4;"in hours";6,514;0,073;-2,613;"TO";"each plant species in flower was observed for a 10-min period by each of two surveyors, on haphazard walks throughout the plot";NA;NA;120000;0,1;"late April to early July 2009 & 2010";2010;"spring-summer";"V";"N";NA;NA;NA;NA;NA;NA;"";NA;"";49,9;3,897;77,54;185;70,88;65,3;143;42;100
"62";"RP62";NA;"Chamberlain et al. 2014";"S106";"Chamberlain et al. 2014";"Y";"Y";"binary";264;48;263;916;NA;NA;NA;311;5,48;0,183;19,0833333333333;3,4828897338403;0,0725602027883397;3,892;5,576;NA;5,743;2,949;1,248;-2,623;33;57;140;48;182;690;48;152;596;25;30;94;48;151;582;14;1;14;"British Columbia, western Canada";" Canada";"M";49,16;49,16;-119,58;575;8,1;8,216;294;22;29;3,401;17;2,89;"shrubsteppe";"5";"Temperate Coniferous Forest";"50522";"Okanagan dry forests";NA;120;4,787;564;"in hours";6,335;0,045;-3,108;"TO";"each plant species in flower was observed for a 10-min period by each of two surveyors, on haphazard walks throughout the plot";NA;NA;80000;0,1;"April to July 2010";2010;"spring-summer";"V";"N";NA;NA;NA;NA;NA;NA;"";NA;"";14,8;2,674;61,51;206;66,24;60,84;160;46;95,83
"64";"RP64";NA;"Chamberlain et al. 2014";"S108";"Chamberlain et al. 2014";"Y";"Y";"binary";118;49;118;388;NA;NA;NA;167;2,41;0,415;7,91836734693878;3,28813559322034;0,0671048080249049;3,912;4,779;NA;5,124;2,069;1,19;-2,701;43;60;261;30;21;73;29;14;65;6;7;8;29;13;63;2;1;2;"Manitoba, Canada";" Canada";"M";49,11;49,11;-96,72;296;2,5;12,939;502;57;14;2,708;12;2,565;"upland tall grass prairie and sedge meadow habitat";"8";"Temperate grasslands, savannas and shrublands";"50812";"Northern tall grasslands";NA;105;4,654;48;"8 hours";3,871;0,008;-4,791;"T";"two 4 × 90-m parallel belt transects";NA;NA;4320;0,1;"June to mid-September 2010";2010;"summer";"V";"N";NA;NA;NA;NA;NA;NA;"";NA;"";7,5;2,137;57,8;86;51,5;33,9;40;46;93,88
"66";"RP66";NA;"original pub (GitHub)";"S110";"Dattilo et al 2016";"Y";"Y";"binary";173;89;170;402;NA;NA;NA;259;1,91;0,524;4,51685393258427;2,36470588235294;0,0265697290152016;4,5;5,142;NA;5,561;1,508;0,861;-3,628;27;33;50;74;62;184;72;42;147;24;20;37;72;42;147;0;0;0;"Gulf of Mexico, Veracruz, Mexico";" Mexico";"M";19,58;19,58;-96,38;30;25,8;2,262;1125;98;34;3,555;26;3,296;"coastal diverse vegetation types";"14";"Mangroves";"61403";"Mesoamerican Gulf-Caribbean mangroves";NA;365;5,9;105;"105 hours";4,654;0,007;-4,97;"T";"";NA;NA;6075,87;1,2;"March 2007 to March 2008 ";2008;"Yearly";"V";"N";NA;NA;NA;NA;NA;NA;"";NA;"sampling along 6 trails";28,8;3,395;48,76;140;54,05;49,41;84;56;62,92
"68";"RP68";NA;"master thesis";"S112";"Devoto et al 2005";"Y";"Y";"binary";113;22;111;182;NA;NA;NA;133;5,05;0,198;8,27272727272727;1,63963963963964;0,0745290745290745;3,135;4,718;NA;4,898;2,113;0,494;-2,597;13;46;75;13;29;43;13;24;38;3;5;5;13;24;38;0;0;0;"Patagonia, Argentina";" Argentina";"M";-40,15;40,15;-71,72;800;8,5;3,856;1460;55;14;2,708;6;1,946;"Temperate forest";"4";"Temperate broadleaf and mixed forests";"60404";"Valdivian temperate forests";NA;60;4,094;304;"in hours";5,717;0,124;-2,084;"T";"";NA;NA;NA;NA;"December 1999 and January 2000";2000;"Austral spring";"V";"N";NA;NA;NA;NA;NA;NA;"";NA;"sampling over a few consecutive days during the month";74,4;4,323;50,55;68;51,13;42,34;47;21;95,45
"69";"RP69";NA;"master thesis";"S112";"Devoto et al 2005";"Y";"Y";"binary";77;27;75;131;NA;NA;NA;102;2,78;0,36;4,85185185185185;1,74666666666667;0,0646913580246914;3,332;4,331;NA;4,635;1,579;0,558;-2,738;21;37;75;17;19;32;14;14;24;6;5;8;14;14;24;0;0;0;"Patagonia, Argentina";" Argentina";"M";-40,67;40,67;-71,73;911;7,3;3,917;1388;52;17;2,89;10;2,398;"";"4";"Temperate broadleaf and mixed forests";"60404";"Valdivian temperate forests";NA;60;4,094;116;"in hours";4,754;0,057;-2,86;"T";"";NA;NA;NA;NA;"Non_uniform";2002;"Austral spring";"V";"N";NA;NA;NA;NA;NA;NA;"";NA;"sampling over a few consecutive days during the month";69,8;4,253;48,87;54;52,94;37,33;28;26;96,3
"70";"RP70";NA;"master thesis";"S112";"Devoto et al 2005";"Y";"Y";"binary";179;41;175;311;NA;NA;NA;216;4,27;0,234;7,58536585365854;1,77714285714286;0,0433449477351916;3,738;5,17;NA;5,38;2,026;0,575;-3,139;24;80;128;28;47;98;26;39;88;4;8;10;25;38;84;4;1;4;"Patagonia, Argentina";" Argentina";"M";-39,69;39,69;-71,31;890;8,6;4,04;922;66;14;2,708;12;2,565;"Temperate forest and its transition to grass /shrub steppe";"4";"Temperate broadleaf and mixed forests";"60404";"Valdivian temperate forests";NA;30;3,401;412;"in hours";6,021;0,057;-2,857;"T";"";NA;NA;NA;NA;"Non_uniform";2003;"Austral spring";"V";"N";NA;NA;NA;NA;NA;NA;"";NA;"sampling over a few consecutive days during the month";37,2;3,237;54,82;106;49,07;41,71;73;33;80,49
"71";"RP71";NA;"WOL";"S113";"Dupont & Olesen 2009";"Y";"Y";"binary";330;31;330;936;NA;NA;NA;361;10,65;0,094;30,1935483870968;2,83636363636364;0,0914956011730205;3,466;5,802;NA;5,892;3,408;1,043;-2,391;28;183;486;29;99;313;28;61;230;19;38;83;27;60;208;22;1;22;"Denmark";"Denmark";"M";56,09;56,09;9,18;68;7,4;5,864;788;24;40;3,714;23;3,178;"heathland";"4";"Temperate broadleaf and mixed forests";"80402";"Atlantic mixed forests";NA;240;5,481;121,1;"";4,797;0,012;-4,436;"TO";"records in 1 x 1 m quadrates in 15-min trials.";NA;NA;1e+05;0,51;"1 April to 1 November 2004";2004;"spring-summer-automn";"V";"N";NA;NA;NA;NA;NA;NA;"";NA;"info on sampling time in Dupont & Nielsen 2006";11,4;2,502;81,84;271;75,07;73,94;244;27;87,1
"74";"RP74";NA;"original pub";"S116";"Freitas & Sazima 2006";"Y";"Y";"binary";168;101;163;445;NA;NA;NA;264;1,61;0,62;4,40594059405941;2,73006134969325;0,0270303103930025;4,625;5,1;NA;5,58;1,483;1,004;-3,611;44;41;90;95;101;314;81;55;230;35;46;84;75;54;199;31;1;31;"southeastern Brazil";" Brazil";"M";-22,74;22,74;-44,61;1530;14,2;2,095;1816;69;17;2,89;8;2,197;"high altitude grasslands";"7";"Tropical and subtropical grasslands, savannas and shrublands";"60703";"Campos Rupestres montane savanna";NA;365;5,9;1045;"1045 hours";6,952;0,063;-2,757;"TO";"";NA;NA;15000;2;"December 1997 to February 2000";2000;"Yearly";"V";"N";NA;NA;NA;NA;NA;NA;"";NA;"3 study sites merged, distance between sites: less than 2 km";59,7;4,106;57,98;161;60,98;42,33;69;92;91,09
"75";"RP75";NA;"Dryad Orford et al 2015";"S117";"Gibson et al 2006";"Y";"Y";"frequency";54;25;54;165;1023;6,2;40,92;79;2,16;0,463;6,6;3,05555555555556;0,122222222222222;3,258;4,007;6,93;4,382;1,887;1,117;-2,102;17;31;105;12;10;23;12;9;22;1;1;1;11;8;20;2;1;2;"Chedworth, Gloucestershire, UK";" UK";"CI";51,82;51,82;-1,94;250;8,7;4,673;751;14;22;3,135;28;3,367;"farmland";"4";"Temperate broadleaf and mixed forests";"80421";"English Lowlands beech forests";NA;90;4,5;43;"in hours";3,761;0,032;-3,447;"TO";"15-mins observations within random quadrats";NA;NA;172;0,2;"July to September 2002";2002;"summer";"V";"N";NA;NA;0,342;NA;NA;NA;"";NA;"";6,8;2,054;75,76;67;84,81;77,78;42;25;100
"76";"RP76";NA;"Dryad Orford et al 2015";"S117";"Gibson et al 2006";"Y";"Y";"frequency";41;5;41;59;137;2,32;27,4;46;8,2;0,122;11,8;1,4390243902439;0,28780487804878;1,792;3,738;4,92;3,85;2,468;0,364;-1,245;5;32;45;3;8;11;3;2;5;3;6;6;2;1;2;3;1;3;"Snettisham, Norfolk, UK";" UK";"CI";52,85;52,85;0,45;4;9,6;4,882;593;12;47;3,871;38;3,664;"wildlife reserve";"4";"Temperate broadleaf and mixed forests";"80409";"Celtic broadleaf forests";NA;90;4,5;48;"in hours";3,871;0,234;-1,452;"TO";"15-mins observations within random quadrats";NA;NA;192;0,05;"July to September 2002";2002;"summer";"V";"N";NA;NA;0,586;NA;NA;NA;"";NA;"";5,8;1,917;93,44;42;91,3;90,24;37;5;100
"77";"RP77";NA;"Dryad Orford et al 2015";"S117";"Gibson et al 2006";"Y";"Y";"frequency";30;5;30;47;128;2,72;25,6;35;6;0,167;9,4;1,56666666666667;0,313333333333333;1,792;3,434;4,852;3,584;2,241;0,449;-1,16;5;23;38;5;6;8;4;3;5;2;3;3;4;3;5;0;0;0;"Aylsham, Norfolk, UK";" UK";"CI";52,81;52,81;1,33;30;10,5;4,975;634;14;41;3,738;54;4,007;"dry grassland";"4";"Temperate broadleaf and mixed forests";"80409";"Celtic broadleaf forests";NA;90;4,5;44;"in hours";3,784;0,293;-1,226;"TO";"15-mins observations within random quadrats";NA;NA;176;0,056;"July to September 2002";2002;"summer";"V";"N";NA;NA;0,519;NA;NA;NA;"";NA;"";11;2,485;91,67;33;94,29;93,33;28;5;100
"81";"RP81";NA;"original pub";"S121";"Jedrzejewska-Szmek & Zych 2013";"Y";"Y";"binary";74;14;74;112;169;1,51;12,07;88;5,29;0,189;8;1,51351351351351;0,108108108108108;2,708;4,317;5,13;4,489;2,079;0,414;-2,225;10;28;41;13;33;51;11;20;34;9;13;17;11;19;32;2;1;2;"Warsaw, Poland";" Poland";"M";52,14;52,14;21,06;105;7,8;7,771;504;38;66;4,205;61;4,127;"urban ruderal community";"4";"Temperate broadleaf and mixed forests";"80412";"Central European mixed forests";NA;60;4,094;12;"6 hours";2,485;0,012;-4,458;"TO";"";NA;NA;48;0,028;"June-July 2008, late May-June 2009";2009;"spring-summer";"V";"N";NA;NA;NA;NA;NA;NA;"";NA;"";19,5;3,02;73,5;66;75;75,68;56;10;71,43
"84";"RP84";NA;"Dryad original pub";"S124";"Lara-Romero et al 2016";"Y";"Y";"frequency";147;22;147;511;5542;10,85;251,91;169;6,68;0,15;23,2272727272727;3,47619047619048;0,158008658008658;3,135;4,997;8,62;5,136;3,145;1,246;-1,845;21;50;183;21;41;161;21;29;127;10;12;34;21;29;127;0;0;0;"Sierra de Guadarrama, Spain";" Spain";"M";40,91;40,91;-3,9;2202;5,2;5,925;787;24;30;3,434;10;2,398;"dry cryophilic grasslands";"12";"Mediterranean Forests, woodlands and scrubs";"81208";"Iberian conifer forests";NA;45;3,807;480;"120 hours";6,174;0,148;-1,908;"T";"10 linear transects across the width of the plots ";NA;NA;12000;0,12;"13 June to 28 July 2011";2011;"flowering period";"V";"N";NA;NA;0,394;NA;NA;NA;"";NA;"";28,4;3,283;72,76;117;69,23;65,99;97;20;90,91
"85";"RP85";NA;"original pub";"S125";"Lemus-Jimenez & Ramirez 2003";"Y";"Y";"binary";44;50;44;152;NA;NA;NA;94;0,88;1,136;3,04;3,45454545454545;0,0690909090909091;3,932;3,807;NA;4,554;1,112;1,24;-2,672;17;5;20;43;21;79;39;8;54;15;13;25;19;7;25;29;1;29;"Paraguaná peninsula, Venezuela";" Venezuela";"M";11,67;11,67;-69,77;0;27,8;1,035;434;67;34;3,555;26;3,296;"psamophilous, mangrove and littoral vegetation";"13";"Deserts and xeric shrublands";"61313";"Paraguana xeric scrub";NA;365;5,9;1500;"1500 hours";7,313;0,682;-0,383;"TO";"";NA;NA;120000;32;"at least a year (not said in publication, study on phenology at same site from 1996 to 1999)";1999;"";"V";"N";NA;NA;NA;NA;NA;NA;"";NA;"estimation à la louche pour temps d'observation (fait l'hypothèse que 1 an d'observation) avec temps total = 5 obs/jour * 20 min/sp plante * 3 fois/mois *12 mois * 50 sp plantes / 2 (en moyenne 50% des plantes en fleur un mois donné d'après autre publi de Lemus)";1,5;0,916;48,03;61;64,89;27,27;12;49;98
"86";"RP86";NA;"WOL+original pub";"S126";"Lundgen & Olesen 2005";"Y";"Y";"frequency";26;17;25;62;139;2,24;8,18;42;1,47;0,68;3,64705882352941;2,48;0,145882352941176;2,89;3,258;4,934;3,761;1,294;0,908;-1,925;14;20;49;1;1;1;0;0;0;1;1;1;0;0;0;0;0;0;"northwest Greenland, Uummannaq Island";" Island";"CI";70,71;70,71;-52,16;180;-6,5;8,458;266;32;0;0;0;0;"";"11";"Tundra";"51113";"Kalaallit Nunaat low arctic tundra";NA;34;3,526;68;"68 hours";4,22;0,16;-1,833;"TO";"daily walks in the plot, with 20 min observation per plant species";NA;NA;10000;0,14;"1 July to 4 August 2002";2002;"summer";"V";"N";NA;NA;0,534;NA;NA;NA;"";NA;"";0;0;32,26;26;61,9;40;10;16;94,12
"87";"RP87";NA;"orginal pub";"S127";"Marrero et al 2013";"Y";"Y";"binary";110;22;110;255;NA;NA;NA;132;5;0,2;11,5909090909091;2,31818181818182;0,105371900826446;3,135;4,71;NA;4,89;2,45;0,841;-2,25;16;37;87;19;42;96;18;25;59;11;17;37;18;24;57;2;1;2;" pampas region in Buenos Aires province, Argentina";" Argentina";"M";-35,93;35,93;-61,18;80;15,5;5,075;970;37;25;3,258;20;3,045;"grassland, pampas";"8";"Temperate grasslands, savannas and shrublands";"60803";"Humid Pampas";NA;120;4,787;16;"16 hours";2,773;0,007;-5,019;"TO";"";NA;NA;20000;0,2;"December 2009 to March 2010";2010;"austral spring";"V";"N";NA;NA;NA;NA;NA;NA;"";NA;"";4,3;1,668;54,51;64;48,48;38,18;42;22;100
"89";"RP89";NA;"dryad+original pub";"S129";"Montero-Castano et al 2017";"Y";"Y";"frequency";66;22;66;149;2812;18,87;127,82;88;3;0,333;6,77272727272727;2,25757575757576;0,102617079889807;3,135;4,205;7,942;4,489;1,913;0,814;-2,277;13;24;31;19;26;53;18;21;46;4;5;7;18;20;40;6;1;6;"Menorca Island, Spain";" Spain";"OI";39,97;39,97;4,2;21;16,9;5,006;596;53;50;3,932;21;3,091;"early successional shrublands";"12";"Mediterranean Forests, woodlands and scrubs";"81215";"Northeastern Spain and Southern France Mediterranean forests";NA;60;4,094;156;"52 hours";5,05;0,107;-2,231;"TO";"";NA;NA;1200;0,028;"April-May 2009 and 2010";2010;"spring";"V";"N";NA;NA;0,563;NA;NA;NA;"";NA;"did not include manipulated sites (i.e. with invasive removed)";19,3;3,001;80,12;69;78,41;71,21;47;22;100
"90";"RP90";NA;"original pub ";"S130";"Kehinde & Samways 2014";"Y";"Y";"binary";69;36;69;172;1692;9,84;47;105;1,92;0,522;4,77777777777778;2,49275362318841;0,0692431561996779;3,611;4,248;7,434;4,663;1,564;0,913;-2,67;21;17;42;25;17;64;25;10;48;10;7;16;20;9;32;16;1;16;"Stellenbosch wine region,South Africa";" South Africa";"M";-33,87;33,87;18,83;223;16,6;3,531;816;61;64;4,174;44;3,807;"vineyards and nearby natural vegetation";"12";"Mediterranean Forests, woodlands and scrubs";"31202";"Lowland fynbos and renosterveld";NA;90;4,5;48;"6 hours";3,871;0,019;-3,946;"T";"random 50m transects";NA;NA;2400;0,1;"October to December 2010";2010;"Austral spring";"V";"N";NA;NA;NA;NA;NA;NA;"";NA;"Non_uniform";4;1,573;27,75;49;46,67;24,64;17;32;88,89
"97";"RP97";NA;"original pub";"S137";"Pinheiro et al 2008";"Y";"Y";"binary";217;106;217;766;2767;3,61;26,1;323;2,05;0,488;7,22641509433962;3,52995391705069;0,033301452047648;4,673;5,384;7,926;5,781;1,978;1,261;-3,402;58;59;204;102;110;485;97;74;364;37;36;121;91;73;324;40;1;40;"Parque Estadual de Itapuã, Rio Grande do Sul State, Brazil";" Brazil";"M";-30,35;30,35;-51,04;105;18,8;3,476;1454;11;34;3,555;24;3,219;" rocky grasslands";"7";"Tropical and subtropical grasslands, savannas and shrublands";"60710";"Uruguayan savanna";NA;365;5,9;404;"404 hours";6,001;0,018;-4,042;"TO";"sessions of 10 min observation on each plant species";NA;NA;10000;0,14;"December 2002 to November 2003";2003;"Yearly";"V";"N";NA;NA;NA;NA;NA;NA;"";NA;"";30,4;3,447;46,61;172;53,25;34,56;75;97;91,51
"100";"RP100";NA;"dryad + original pub";"S140";"Trojelsgaard et al 2015";"Y";"Y";"frequency";54;10;53;83;509;6,13;50,9;63;5,3;0,189;8,3;1,56603773584906;0,156603773584906;2,398;3,989;6,232;4,159;2,116;0,449;-1,854;9;30;43;9;15;28;4;9;14;8;6;14;4;9;14;0;0;0;"El Hierro, Canary Islands";"Canary Islands (Spain)";"OI";27,8;27,8;-17,9;190;19,8;2,597;268;89;59;4,094;38;3,664;"communities with Euphorbia balsamifera";"12";"Mediterranean Forests, woodlands and scrubs";"81203";"Canary Islands dry woodlands and forests";NA;71;4,263;42,1;"42 hours";3,74;0,079;-2,533;"TO";"sessions of 15 min observation on each plant species";NA;NA;11372;0,2;"16 January to 28 March in 2010";2010;"winter-spring";"V";"N";NA;NA;0,525;NA;NA;NA;"";NA;"";1;0,693;72,29;45;71,43;66,04;35;10;100
"101";"RP101";NA;"dryad + original pub";"S140";"Trojelsgaard et al 2015";"Y";"Y";"frequency";52;14;47;105;626;5,96;44,71;61;3,36;0,298;7,5;2,23404255319149;0,159574468085106;2,708;3,871;6,439;4,127;2,015;0,804;-1,835;11;22;37;13;17;51;12;9;28;8;8;23;12;8;24;4;1;4;"La Gomera, Canary Islands";"Canary Islands (Spain)";"OI";28,04;28,04;-17,23;410;18,1;2,801;357;86;34;3,555;18;2,944;"communities with Euphorbia balsamifera";"12";"Mediterranean Forests, woodlands and scrubs";"81203";"Canary Islands dry woodlands and forests";NA;71;4,263;42,1;"42 hours";3,74;0,064;-2,749;"TO";"sessions of 15 min observation on each plant species";NA;NA;11372;0,2;"16 January to 28 March in 2010";2010;"winter-spring";"V";"N";NA;NA;0,465;NA;NA;NA;"";NA;"";3,2;1,435;81,9;49;80,33;74,47;35;14;100
"102";"RP102";NA;"dryad + original pub";"S140";"Trojelsgaard et al 2015";"Y";"Y";"frequency";50;11;49;99;726;7,33;66;60;4,46;0,224;9;2,02040816326531;0,183673469387755;2,485;3,912;6,588;4,111;2,197;0,703;-1,695;6;18;27;10;20;45;8;14;30;8;6;15;8;13;26;4;1;4;"Gran Canaria, Canary Islands";"Canary Islands (Spain)";"OI";27,9;27,9;-15,43;260;19,7;2,384;172;87;66;4,205;72;4,29;"communities with Euphorbia balsamifera";"12";"Mediterranean Forests, woodlands and scrubs";"81203";"Canary Islands dry woodlands and forests";NA;71;4,263;42,1;"42 hours";3,74;0,078;-2,55;"TO";"sessions of 15 min observation on each plant species";NA;NA;11372;0,2;"16 January to 28 March in 2010";2010;"winter-spring";"V";"N";NA;NA;0,534;NA;NA;NA;"";NA;"";2,8;1,335;76,77;47;78,33;73,47;36;11;100
"103";"RP103";NA;"dryad + original pub";"S140";"Trojelsgaard et al 2015";"Y";"Y";"frequency";56;8;55;85;597;7,02;74,63;63;6,88;0,145;10,625;1,54545454545455;0,193181818181818;2,197;4,025;6,392;4,159;2,363;0,435;-1,644;8;26;37;8;15;23;3;4;7;7;11;16;3;4;7;0;0;0;"Fuerteventura, Canary Islands";"Canary Islands (Spain)";"OI";28,56;28,56;-13,89;200;18,8;2,507;128;92;33;3,526;14;2,708;"communities with Euphorbia balsamifera";"12";"Mediterranean Forests, woodlands and scrubs";"81212";"Mediterranean acacia-argania dry woodlands and succulent thickets";NA;71;4,263;42,1;"42 hours";3,74;0,096;-2,347;"TO";"sessions of 15 min observation on each plant species";NA;NA;11372;0,2;"16 January to 28 March in 2010";2010;"winter-spring";"V";"N";NA;NA;0,634;NA;NA;NA;"";NA;"";0,3;0,262;58,82;38;60,32;54,55;30;8;100
"104";"RP104";NA;"dryad + original pub";"S140";"Trojelsgaard et al 2015";"Y";"Y";"frequency";60;11;60;100;541;5,41;49,18;71;5,46;0,183;9,09090909090909;1,66666666666667;0,151515151515152;2,485;4,111;6,293;4,277;2,207;0,511;-1,887;7;22;33;11;28;52;9;15;30;9;13;22;9;15;30;0;0;0;"Western Sahara";" Western Sahara";"M";26,16;26,16;-14,42;50;21;2,859;44;104;33;3,526;10;2,398;"communities with Euphorbia balsamifera";"13";"Deserts and xeric shrublands";"81304";"Atlantic coastal desert";NA;71;4,263;42,1;"42 hours";3,74;0,064;-2,752;"TO";"sessions of 15 min observation on each plant species";NA;NA;11372;0,2;"16 January to 28 March in 2010";2010;"winter-spring";"V";"N";NA;NA;0,723;NA;NA;NA;"";NA;"";0;0;32;28;39,44;33,33;20;8;72,73
"106";"RP106";NA;"see license to use data";"S142";"Vanbergen et al 2013";"Y";"Y";"frequency";104;29;104;325;1879;5,78;64,79;133;3,59;0,279;11,2068965517241;3,125;0,107758620689655;3,401;4,654;7,538;4,898;2,417;1,139;-2,228;29;78;272;9;9;20;7;5;13;5;4;7;6;4;11;2;1;2;"northern Scotland, UK";" UK";"CI";57,08;57,08;-2,76;155;7,6;4,196;761;15;33;3,526;28;3,367;"birch woods";"5";"Temperate Coniferous Forest";"80503";"Caledon conifer forests";NA;99;4,595;23,1;"3 hours 20 min";3,14;0,008;-4,872;"T";"transect (10 m per min)";NA;NA;1400;0,05;"20 May to 27 August 2009";2009;"summer";"V";"N";NA;NA;0,479;NA;NA;NA;"";NA;"did not include 3 networks with less than 5 species";30,9;3,425;58,58;92;69,17;61,54;64;28;96,55
"108";"RP108";NA;"WOL";"S144";"Olesen et al 2008";"Y";"Y";"binary";76;31;76;456;5929;13;191,26;107;2,45;0,408;14,7096774193548;6;0,193548387096774;3,466;4,344;8,688;4,682;2,689;1,792;-1,642;31;60;388;5;2;5;4;1;4;1;1;1;4;1;4;0;0;0;"Zackenberg, northeastern Greenland";" Greenland";"CI";74,5;74,5;-21;830;-14,2;9,5;349;18;6;1,946;0;0;"heathland";"11";"Tundra";"51112";"Kalaallit Nunaat high arctic tundra";NA;69;4,234;500;"500 hours";6,215;0,212;-1,55;"TO";"";NA;NA;250000;0,7;"mid June to early August 1996 and 1997";1997;"summer";"V";"N";NA;NA;NA;NA;NA;NA;"";NA;"estimation à la louche pour temps d'observation (d'après figure 3 de l'article il semble qu'en moyenne 50% des plantes en fleur à un moment donné = 15 sp) avec temps total = 2 ans *25 jours obs/an * 40 min/sp plante * 15 sp plantes ";0;0;68,86;79;73,83;63,16;48;31;100
"111";"RP111";NA;"original pub";"S147";"Yoshihara et al 2008";"Y";"Y";"binary";35;19;35;72;695;9,65;36,58;54;1,84;0,543;3,78947368421053;2,05714285714286;0,108270676691729;2,996;3,584;6,544;4,007;1,332;0,721;-2,223;15;18;31;10;9;16;1;1;1;10;8;15;1;1;1;0;0;0;"Tumentsogt soum, Sukhbaatar province, Mongolia";" Mongolia";"M";47,66;47,66;112,43;1000;0,6;14,143;243;111;14;2,708;8;2,197;"Grazed grasslands";"8";"Temperate grasslands, savannas and shrublands";"80813";"Mongolian-Manchurian grassland";NA;90;4,5;270;"270 hours";5,598;0,406;-0,901;"T";"";NA;NA;5400;28;"June to August 2005";2005;"summer";"V";"N";NA;NA;NA;NA;NA;NA;"";NA;"9 plots of varying grazing intensity, distant by less than 30 km (maximum distance possible)";1,1;0,742;11,11;20;37,04;17,14;6;14;73,68
"112";"RP112";NA;"original pub + thesis";"S148 + thesis";"Watts et al 2016 + thesis";"Y";"Y";"frequency";146;120;143;597;1573;2,63;13,11;263;1,19;0,839;4,975;4,17482517482518;0,0347902097902098;4,796;4,97;7,361;5,576;1,604;1,429;-3,358;94;76;353;54;17;91;52;5;74;10;12;17;29;4;38;36;1;36;"Vilcanota Highlands, south-eastern Peru";"Peru";"M";-13,22;13,22;-72,22;3306;9,1;1,211;736;79;33;3,526;13;2,639;"";"1";"Tropical and subtropical moist broadleaf forests";"60153";"Peruvian Yungas";NA;213;5,361;90;"Non_uniform";4,5;0,005;-5,251;"T";"";NA;NA;270000;2;"Non_uniform";2002;"";"V";"N";NA;NA;0,46;NA;NA;NA;"";NA;"Non_uniform";13,4;2,56;13,37;68;25,86;6,99;10;58;48,33
"115";"RP115";NA;"WOL";"S151";"Kato et al 1993";"Y";"Y";"frequency";351;91;351;871;2129;2,44;23,4;442;3,86;0,259;9,57142857142857;2,48148148148148;0,0272690272690273;4,522;5,864;7,663;6,094;2,259;0,909;-3,602;63;70;245;65;48;201;61;33;173;17;15;28;61;32;172;1;1;1;"Mt. Kushigata, Yamanashi Prefecture, Japan";" Japan";"CI";35,59;35,59;138,37;2040;3,7;8,329;2218;51;22;3,135;16;2,833;"subalpine forests and meadows";"4";"Temperate broadleaf and mixed forests";"80441";"Taiheiyo montane deciduous forests";NA;122;4,804;108;"18 days of sampling X about 6 sampling hours";4,682;0,003;-5,69;"T";"";NA;NA;9000;4,5;"late May to September 1990 and 1991";1991;"spring - summer";"V";"N";NA;NA;0,624;NA;NA;NA;"";NA;"sampling along fixed trail of about 3 km + data not included yet in the full data file";69;4,248;62,8;256;57,92;47,01;165;91;100
"116";"RP116";NA;"WOL";"S152";"Kato & Miura 1996";"Y";"Y";"frequency";190;64;190;431;934;2,17;14,59;254;2,97;0,337;6,734375;2,26842105263158;0,0354440789473684;4,174;5,252;6,839;5,541;1,907;0,819;-3,34;46;65;172;43;50;124;43;31;98;14;19;26;41;30;95;3;1;3;"Tsuruga, Japan";" Japan";"CI";35,66;35,66;136,09;45;14,5;8,093;2313;22;91;4,522;68;4,234;"lowland marsh";"4";"Temperate broadleaf and mixed forests";"80427";"Nihonkai evergreen forests";NA;183;5,209;78;"13 days of sampling X about 6 sampling hours";4,357;0,006;-5,049;"T";"";NA;NA;1000;0,5;"mid April to mid October 1994 and 1995";1995;"";"V";"N";NA;NA;0,656;NA;NA;NA;"";NA;"";54,4;4,015;71,93;187;73,62;64,74;123;64;100
"117";"RP117";NA;"WOL";"S153";"Kakutani et al 1990";"Y";"Y";"frequency";317;113;317;773;2101;2,72;18,59;430;2,81;0,356;6,84070796460177;2,4384858044164;0,0215795203930655;4,736;5,762;7,65;6,066;1,923;0,891;-3,836;47;24;83;93;101;345;82;63;244;46;38;101;81;62;229;15;1;15;"Kyoto University, Kyoto, Japan";" Japan";"CI";35,03;35,03;135,79;60;15,1;8,173;1722;41;84;4,443;92;4,533;"campus in the city";"4";"Temperate broadleaf and mixed forests";"80440";"Taiheiyo evergreen forests";NA;210;5,347;131;"131 hours";4,875;0,004;-5,611;"T";"";NA;NA;2400;0,6;"April to October 1985, 1986 and 1987";1987;"";"V";"N";NA;NA;0,619;NA;NA;NA;"";NA;"three sampling site including a hill, distant by less than 1 km + data not included yet in the full data file";19,3;3,011;71,41;277;64,42;52,37;166;111;98,23
"118";"RP118";NA;"WOL";"S154";"Inoue et al 1990";"Y";"Y";"frequency";869;114;869;1919;4562;2,38;40,02;983;7,62;0,131;16,8333333333333;2,20828538550058;0,0193709244342156;4,745;6,768;8,426;6,892;2,823;0,792;-3,944;84;79;325;91;149;557;88;83;423;42;66;134;88;83;423;0;0;0;"Kibune, Kyoto, Japan";" Japan";"CI";35,14;35,14;135,77;470;11,8;8,293;1874;37;22;3,135;42;3,761;"temperate deciduous forest";"4";"Temperate broadleaf and mixed forests";"80428";"Nihonkai montane deciduous forests";NA;210;5,347;282;"47 days of sampling X up to 6 hours of sampling";5,642;0,003;-5,862;"T";"";NA;NA;6000;3;"April to early Novembre from 1984 to 1987";1987;"";"V";"N";NA;NA;0,584;NA;NA;NA;"";NA;"along a trail of about 3 km + data not included yet in the full data file";70;4,263;55;417;42,42;34,87;303;114;100
"120";"RP120";NA;"PhD thesis";"S156";"Fragoso PhD Thesis 2014";"Y";"Y";"binary";163;56;163;315;814;2,58;14,54;219;2,91;0,344;5,625;1,93251533742331;0,0345092024539877;4,043;5,1;6,702;5,394;1,727;0,659;-3,367;24;50;93;46;73;162;45;49;128;11;24;34;40;48;111;17;1;17;"Brazil";"Brazil";"M";-21,28;21,28;-48,39;602;21,8;1,945;1331;76;50;3,932;42;3,761;"restored areas of atlantic semi-deciduous forest";"7";"Tropical and subtropical grasslands, savannas and shrublands";"60704";"Cerrado";NA;336;5,817;396;"99 hours";5,981;0,043;-3,138;"T";"";NA;NA;2000;0,07;"December 2011 to October 2012";2012;"yearly";"";"N";NA;NA;NA;NA;NA;NA;"";NA;"Non_uniform";6,4;2,002;22,19;56;25,57;14,72;24;32;57,14
"121";"RP121";NA;"Chapter 6 PhD thesis";"S157";"Popic PhD Thesis 2013";"Y";"Y";"binary";41;16;41;73;NA;NA;NA;57;2,56;0,39;4,5625;1,78048780487805;0,111280487804878;2,833;3,738;NA;4,06;1,518;0,577;-2,196;5;7;7;16;23;51;15;13;35;9;10;16;15;13;35;0;0;0;"Carlo Station, Simpson Desert, Australia";" Australia";"M";-23,48;23,48;138,5;132;23,8;5,906;216;64;6;1,946;4;1,609;"";"13";"Deserts and xeric shrublands";"11308";"Simpson desert";NA;65;4,174;29,6;"29 hours";3,388;0,045;-3,098;"TO";"";NA;NA;NA;NA;"September and November 2007";2007;"summer";"";"N";NA;NA;NA;NA;NA;NA;"";NA;"Data in chapter 6 (p166), all visitors in one site in 2007. From p123, 74 hours sampling in 2007, for 5 ""rounds""/3 sites : make hypothesis sampling time equally distributed between rounds";0;0;36,99;24;42,11;19,51;8;16;100
"122";"RP122";NA;"MsC thesis";"S158";"Pfeiffer MsC Thesis 2012";"Y";"Y";"binary";247;79;245;1132;9844;8,7;124,61;324;3,1;0,322;14,3291139240506;4,62040816326531;0,0584861792818393;4,382;5,505;9,195;5,784;2,662;1,53;-2,839;68;78;424;69;103;466;69;81;408;24;22;58;65;80;368;40;1;40;" Western Cascades Range, USA";" USA";"M";44,29;44,29;-122,1;1422;4,8;5,845;1962;65;15;2,773;3;1,386;"Montane Meadows";"5";"Temperate Coniferous Forest";"50508";"Central and Southern Cascades forests";NA;91;4,511;165,2;"Non_uniform";5,107;0,009;-4,764;"T";"";NA;NA;1350;0,06;"July to September 2011";2011;"summer";"";"N";NA;NA;NA;NA;NA;NA;"";NA;"Sampling time from Table A4";68,4;4,239;68,98;181;55,86;44,08;108;73;92,41
"123";"RP123";NA;"original pub + data in Carstensen et al 2017";"S159";"Carstensen et al 2014 ";"Y";"Y";"frequency";200;92;194;738;2172;2,94;23,61;286;2,11;0,474;8,02173913043478;3,80412371134021;0,041349170775437;4,533;5,273;7,683;5,659;2,082;1,336;-3,186;28;37;84;89;103;530;88;67;418;33;36;112;88;66;389;29;1;29;"National Park of Serra do Cipó, SE Brazil";" Brazil";"M";-19,26;19,26;-43,56;1164;18,8;1,815;1574;82;21;3,091;10;2,398;"Rupestrian grasslands";"7";"Tropical and subtropical grasslands, savannas and shrublands";"60704";"Cerrado";NA;91;4,511;252;"36 hours";5,529;0,014;-4,26;"T";"";NA;NA;70;0,2;"October to December 2012";2012;"flowering period";"";"N";NA;NA;0,492;NA;NA;NA;"";NA;"Data taken from table S1 (plosone paper) ";10,6;2,41;26,67;119;41,61;25,77;50;69;75
"124";"RP124";NA;"original pub + Pornon et al 2016";"S160";"Pornon et al 2017";"Y";"Y";"binary";78;26;78;152;402;2,64;15,46;104;3;0,333;5,84615384615385;1,94871794871795;0,0749506903353057;3,296;4,369;5,996;4,654;1,766;0,667;-2,591;19;41;77;17;18;47;17;17;46;1;1;1;17;16;42;4;1;4;"French Central Pyrenees";"France";"M";42,78;42,78;1,93;1640;6,1;5,419;1128;13;23;3,178;10;2,398;"subalpine Rhododendron ferrugineum communities";"4";"Temperate broadleaf and mixed forests";"80433";"Pyrenees conifer and mixed forests";NA;30;3,401;12;"12 hours";2,485;0,006;-5,13;"T";"";NA;NA;2500;3;"June 2012";2012;"summer";"";"N";NA;NA;0,47;NA;NA;NA;"";NA;"four subalpine Rhododendron ferrugineum communities on a 3-km2 area (from supplementary figures from Pornon et al 2017";48,9;3,91;89,47;94;90,38;91,03;71;23;88,46
"125";"RP125";NA;"original pub";"S161";"Orford et al 2016";"Y";"Y";"frequency";116;32;115;246;913;3,71;28,53;147;3,59;0,278;7,6875;2,13913043478261;0,0668478260869565;3,497;4,754;6,817;4,997;2,04;0,76;-2,705;30;74;174;9;18;32;8;15;26;4;3;6;8;15;26;0;0;0;"South-West England";"UK";"CI";51,23;51,23;-2,46;128;9,1;4,667;849;17;38;3,664;47;3,871;"pasture fields";"4";"Temperate broadleaf and mixed forests";"80421";"English Lowlands beech forests";NA;120;4,787;40,5;"Non_uniform";3,701;0,011;-4,509;"T";"";NA;NA;6000;1;"May to August 2012 + June 2013";2013;"flowering period";"";"N";NA;NA;0,56;NA;NA;NA;"";NA;"Non_uniform";12,4;2,538;74,19;130;88,44;86,09;99;31;96,88
"126";"RP126";NA;"original pub";"S162";"Blumel et al 2016";"Y";"Y";"binary";112;18;112;278;955;3,44;53,06;130;6,22;0,161;15,4444444444444;2,48214285714286;0,137896825396825;2,944;4,727;6,862;4,875;2,737;0,909;-1,981;14;40;100;15;43;92;15;35;77;7;8;15;15;34;72;5;1;5;"Görscheider Wiese, district of Dusseldorf, Germany";" Germany";"M";51,34;51,34;6,96;137;9,7;5,875;872;13;78;4,369;74;4,317;"natural meadows";"4";"Temperate broadleaf and mixed forests";"80445";"Western European broadleaf forests";NA;91;4,511;24,8;"24 hours and 45 min";3,211;0,012;-4,398;"T";"";NA;NA;400;0,4;"May to July 2015";2015;"spring-summer";"";"N";NA;NA;NA;NA;NA;NA;"";NA;"data in  Figure 2 from publication";27,9;3,364;93,88;118;90,77;89,29;100;18;100
"127";"RP127";NA;"original pub";"S163";"Welti & Joern 2018";"Y";"Y";"frequency";348;42;348;940;7077;7,53;168,5;390;8,29;0,121;22,3809523809524;2,70114942528736;0,0643130815544609;3,761;5,855;8,865;5,969;3,108;0,994;-2,744;33;102;269;40;117;293;34;32;139;32;85;154;34;31;130;9;1;9;"Konza Prairie Biological Station, Kansas, USA";" USA";"M";39,08;39,08;-96,58;405;11,9;9,949;872;51;43;3,784;14;2,708;"tallgrass prairie";"8";"Temperate grasslands, savannas and shrublands";"50807";"Flint Hills tall grasslands";NA;31;3,434;48;"4 hours";3,871;0,003;-5,719;"T";"";NA;NA;240000;1;"early June to early July 2014";2014;"summer";"";"N";NA;NA;0,495;NA;NA;NA;"";NA;"network from two locations in the watershed ";2,6;1,276;32,73;113;28,97;20,69;72;41;97,62
"128";"RP128";NA;"original pub";"S164";"Kantsa2018";"Y";"Y";"frequency";168;38;168;403;7954;19,74;209,32;206;4,42;0,226;10,6052631578947;2,39880952380952;0,0631265664160401;3,664;5,13;8,981;5,333;2,361;0,875;-2,763;21;37;83;34;85;180;33;66;153;10;19;27;30;65;137;16;1;16;"Lesvos Island, Greece";" Greece";"OI";39,3;39,3;26,39;28;16,5;6,082;620;79;36;3,611;16;2,833;"coastal thermo-Mediterranean sclerophyllous community";"12";"Mediterranean Forests, woodlands and scrubs";"81201";"Aegean and Western Turkey sclerophyllous and mixed forests";NA;122;4,804;46,7;"46.7 hours";3,844;0,007;-4,918;"T";"Random";NA;NA;450;0,15;"April to July 2011 & 2012";2012;"spring flowering period";"";"N";NA;NA;0,591;NA;NA;NA;"";NA;"";5,7;1,902;60,79;141;68,45;63,1;106;35;92,11
"130";"RP130";NA;"original pub";"S166";"Souza_cerrado";"Y";"Y";"frequency";131;104;131;343;465;1,36;4,47;235;1,26;0,794;3,29807692307692;2,61832061068702;0,0251761597181445;4,654;4,883;6,142;5,464;1,193;0,963;-3,682;17;24;39;97;81;273;95;53;232;21;28;41;91;52;213;19;1;19;"Emas National Park–PNE, Brazil";" Brazil";"M";-18,1;18,1;-52,94;854;22,4;1,413;1649;66;12;2,565;4;1,609;"cerrado woody grassland";"7";"Tropical and subtropical grasslands, savannas and shrublands";"60704";"Cerrado";NA;365;5,9;560;"560 hours";6,328;0,041;-3,192;"TO";"";NA;NA;13875;54;"October 2008 to September
2009";2009;"yearly";"";"N";NA;NA;0,635;NA;NA;NA;"";NA;"";6,6;2,028;29,74;123;52,34;32,82;43;80;76,92
"131";"RP131";NA;"original pub";"S166";"Souza_chaco";"Y";"Y";"frequency";89;61;88;216;5293;24,5;86,77;149;1,44;0,693;3,54098360655738;2,45454545454545;0,0402384500745156;4,127;4,489;8,574;5,011;1,264;0,898;-3,213;27;21;54;46;36;107;43;26;90;9;10;17;27;25;68;22;1;22;"Retiro Conceição farm, Porto Murtinho municipality, Brazil";" Brazil";"M";-21,68;21,68;-57,78;90;25;2,856;1295;40;14;2,708;6;1,946;"discontinuous canopy and predominance of spiny and microphyllous species";"7";"Tropical and subtropical grasslands, savannas and shrublands";"60708";"Humid Chaco";NA;365;5,9;384;"384 hours";5,951;0,072;-2,638;"TO";"";NA;NA;3000;0,44;"November 2009 to October 2010";2010;"yearly";"";"N";NA;NA;0,557;NA;NA;NA;"";NA;"";29;3,401;36,11;85;57,05;46,59;41;44;72,13
"132";"RP132";NA;"original pub";"S166";"Souza_pantanal";"Y";"Y";"frequency";70;98;65;277;10174;36,73;103,82;163;0,66;1,508;2,8265306122449;4,26153846153846;0,0434850863422292;4,595;4,19;9,228;5,1;1,039;1,45;-3,135;22;10;28;87;44;228;82;30;203;21;14;25;72;29;156;47;1;47;", Miranda subregion of South Pantanal, Brazil";" Brazil";"M";-19,57;19,57;-57,02;92;25,7;2,215;1212;58;20;3,045;22;3,135;"flooded savanna and riparian forest";"9";"Flooded grasslands and savannas";"60907";"Pantanal";NA;365;5,9;576;"576 hours";6,356;0,09;-2,403;"TO";"";NA;NA;6000;1,4;"October 2014 to September 2015";2015;"yearly";"";"N";NA;NA;0,536;NA;NA;NA;"";NA;"";17,7;2,929;42,24;94;57,67;29,23;19;75;76,53
"133";"RP133";NA;"original pub";"S166";"Souza_vereda";"Y";"Y";"frequency";108;25;108;174;961;5,52;38,44;133;4,32;0,231;6,96;1,61111111111111;0,0644444444444444;3,258;4,691;6,868;4,898;1,94;0,477;-2,742;12;42;54;22;57;106;19;37;72;12;20;34;18;36;66;6;1;6;"Campo Grande municipality, private natural reserve “Guariroba”, Brazil";" Brazil";"M";-20,54;20,54;-54,4;556;23,3;1,612;1452;51;34;3,555;22;3,135;"palm swamp";"7";"Tropical and subtropical grasslands, savannas and shrublands";"60704";"Cerrado";NA;365;5,9;288;"288 hours";5,663;0,107;-2,238;"TO";"";NA;NA;1200;0,3;"September 2012 to August 2013";2013;"yearly";"";"N";NA;NA;0,713;NA;NA;NA;"";NA;"";5,2;1,825;24,14;44;33,08;18,52;20;24;96
"141";"RP141";16;"original pub";"S172";"Simanonok & Burkle 2014";"Y";"Y";NA;127;45;127;404;989;2,45;21,98;172;2,82;0,354;8,97777777777778;3,18110236220472;0,0706911636045494;3,829;4,852;6,897;5,153;2,195;1,157;-2,649;36;53;189;42;43;142;40;31;125;8;12;17;40;31;125;0;0;0;"Beartooth Plateau (Montana and Wyoming), USA";" USA";"M";45;45;-109,42;3160;-3,1;7,275;778;17;14;2,708;22;3,135;"alpine ecosystem";"5";"Temperate Coniferous Forest";"50528";"South Central Rockies forests";NA;62;4,127;282;"282 hours";5,642;0,049;-3,009;"TO";"";NA;NA;NA;NA;"June 20–August 21, 2012";2012;"summer";"V";"N";NA;NA;0,466;NA;NA;NA;"";NA;"16 study meadows, from 2975 to 3310 m";9;2,303;28,22;68;39,53;23,62;30;38;84,44
"154";"RP154";1;"";"S184";"Traveset et al 2013";"Y";"Y";NA;60;18;60;125;NA;NA;NA;78;3,33;0,3;6,94444444444444;2,08333333333333;0,115740740740741;2,944;4,111;NA;4,369;1,938;0,734;-2,156;14;22;57;12;8;22;3;1;3;11;7;19;3;1;3;0;0;0;"Fernandina Island, Galapagos";" Galapagos Archipelago (Ecuador)";"OI";-0,31;0,31;-91,66;15;24,3;1,44;627;40;6;1,946;3;1,386;"Lowland coastal habitat";"13";"Deserts and xeric shrublands";"61307";"Galápagos Islands scrubland mosaic";NA;30;3,401;103,6;"103 hours";4,641;0,096;-2,344;"T";"";NA;NA;1e+06;1,414;"February 2010 and 2011";2011;"peak flowering";"V";"N";NA;NA;0,7;NA;NA;NA;"";NA;"total 518 hours divided equally by the five islands. HII estimé manuellement. HF = HII.";6,4;2,001;53,6;48;61,54;50;30;18;100
"155";"RP155";1;"";"S184";"Traveset et al 2013";"Y";"Y";NA;76;20;70;127;NA;NA;NA;90;3,5;0,286;6,35;1,81428571428571;0,0907142857142857;3,045;4,263;NA;4,511;1,848;0,596;-2,4;17;17;40;9;7;17;0;0;0;9;7;17;0;0;0;0;0;0;"Pinta Island, Galapagos";" Galapagos Archipelago (Ecuador)";"OI";0,54;0,54;-90,73;10;24,4;1,313;644;32;6;1,946;3;1,386;"Lowland coastal habitat";"13";"Deserts and xeric shrublands";"61307";"Galápagos Islands scrubland mosaic";NA;30;3,401;103,6;"103 hours";4,641;0,074;-2,604;"T";"";NA;NA;1e+06;1,414;"February 2010 and 2011";2011;"peak flowering";"V";"N";NA;NA;0,52;NA;NA;NA;"";NA;"total 518 hours divided equally by the five islands. HII estimé manuellement. HF = HII.";11;2,485;64,57;57;63,33;52,86;37;20;100
"156";"RP156";1;"";"S184";"Traveset et al 2013";"Y";"Y";NA;69;24;67;164;NA;NA;NA;91;2,79;0,358;6,83333333333333;2,44776119402985;0,101990049751244;3,219;4,22;NA;4,522;1,922;0,895;-2,283;16;17;39;19;9;34;15;1;15;13;8;19;15;1;15;0;0;0;"Santiago Island, Galapagos";" Galapagos Archipelago (Ecuador)";"OI";-0,21;0,21;-90,82;70;23,5;1,48;567;41;6;1,946;3;1,386;"Lowland coastal habitat";"13";"Deserts and xeric shrublands";"61307";"Galápagos Islands scrubland mosaic";NA;30;3,401;103,6;"103 hours";4,641;0,064;-2,742;"T";"";NA;NA;1e+06;1,414;"February 2010 and 2011";2011;"peak flowering";"V";"N";NA;NA;0,49;NA;NA;NA;"";NA;"total 518 hours divided equally by the five islands. HII estimé manuellement. HF = HII.";13,4;2,667;79,27;65;71,43;61,19;41;24;100
"157";"RP157";1;"";"S184";"Traveset et al 2013";"Y";"Y";NA;76;23;74;212;NA;NA;NA;97;3,22;0,311;9,21739130434783;2,86486486486486;0,124559341950646;3,178;4,317;NA;4,585;2,221;1,053;-2,083;12;18;30;21;11;89;16;1;16;21;10;73;16;1;16;0;0;0;"Santa Cruz Island, Galapagos";" Galapagos Archipelago (Ecuador)";"OI";-0,75;0,75;-90,32;20;23,5;1,747;371;72;16;2,833;12;2,565;"Lowland coastal habitat";"13";"Deserts and xeric shrublands";"61307";"Galápagos Islands scrubland mosaic";NA;30;3,401;103,6;"103 hours";4,641;0,061;-2,799;"T";"";NA;NA;1e+06;1,414;"February 2010 and 2011";2011;"peak flowering";"V";"N";NA;NA;0,6;NA;NA;NA;"";NA;"total 518 hours divided equally by the five islands. HII estimé manuellement. HF = HII.";13,3;2,66;76,42;63;64,95;54,05;40;23;100
"158";"RP158";1;"";"S184";"Traveset et al 2013";"Y";"Y";NA;93;21;93;234;NA;NA;NA;114;4,43;0,226;11,1428571428571;2,51612903225806;0,119815668202765;3,091;4,543;NA;4,745;2,411;0,923;-2,122;17;29;55;18;22;91;15;3;24;15;19;67;15;3;24;0;0;0;"San Cristobal Island, Galapagos";" Galapagos Archipelago (Ecuador)";"OI";-0,89;0,89;-89,61;40;23,8;1,685;463;97;16;2,833;12;2,565;"Lowland coastal habitat";"13";"Deserts and xeric shrublands";"61307";"Galápagos Islands scrubland mosaic";NA;30;3,401;103,6;"103 hours";4,641;0,053;-2,937;"T";"";NA;NA;1e+06;1,414;"February 2010 and 2011";2011;"peak flowering";"V";"N";NA;NA;0,59;NA;NA;NA;"";NA;"total 518 hours divided equally by the five islands. HII estimé manuellement. HF = HII.";12;2,565;75,21;75;65,79;58,06;54;21;100
"164";"RP164";NA;"dryad + original pub";"S140";"Trojelsgaard et al 2015";"Y";"Y";"frequency";101;24;98;236;1714;7,26;71,42;122;4,08;0,245;9,83333333333333;2,40816326530612;0,100340136054422;3,219;4,595;7,447;4,812;2,286;0,879;-2,299;13;41;68;24;36;111;18;14;47;22;22;64;16;13;39;8;1;8;"Tenerife, Canary Islands";"Canary Islands (Spain)";"OI";28,29;28,29;-16,66;70;18,9;2,715;356;86;42;3,761;32;3,497;"communities with Euphorbia balsamifera";"12";"Mediterranean Forests, woodlands and scrubs";"81203";"Canary Islands dry woodlands and forests";NA;71;4,263;84,2;"42 hours";4,433;0,036;-3,33;"TO";"sessions of 15 min observation on each plant species";NA;NA;22744;0,2;"16 January to 28 March in 2010";2010;"winter-spring";"V";"N";NA;NA;0,453;NA;NA;NA;"";NA;"";6,4;1,866;70,23;85;69,67;62,24;61;24;100
"167";"RP167";NA;"master thesis";"S112";"Devoto et al 2005";"Y";"Y";"binary";81;28;80;170;NA;NA;NA;108;2,86;0,35;6,07142857142857;2,125;0,0758928571428571;3,367;4,394;NA;4,691;1,804;0,754;-2,578;16;27;63;24;40;86;24;36;81;4;4;5;23;35;79;2;1;2;"Patagonia, Argentina";" Argentina";"M";-40,64;40,64;-71,35;900;8,7;4,254;1064;54;11;2,485;4;1,609;"Temperate forest and its transition to grass /shrub steppe";"4";"Temperate broadleaf and mixed forests";"60404";"Valdivian temperate forests";NA;60;4,094;92;"in hours";4,522;0,041;-3,192;"T";"";NA;NA;NA;NA;"December 2001 and 2002 and January 2003";2003;"Austral spring";"V";"N";NA;NA;NA;NA;NA;NA;"";NA;"sampling over a few consecutive days during the month";37,3;3,645;55,29;59;54,63;42,5;34;25;89,29
"168";"RP168";NA;"master thesis";"S112";"Devoto et al 2005";"Y";"Y";"binary";191;43;191;373;NA;NA;NA;234;4,44;0,225;8,67441860465116;1,95287958115183;0,0454158042128333;3,784;5,257;NA;5,46;2,16;0,669;-3,092;28;55;123;37;78;167;37;59;141;12;19;26;37;58;133;8;1;8;"Patagonia, Argentina";" Argentina";"M";-40,76;40,76;-71,09;731;7,8;4,434;755;64;24;3,219;14;2,708;"Temperate forest and its transition to grass /shrub steppe";"8";"Temperate grasslands, savannas and shrublands";"60805";"Patagonian steppe";NA;60;4,094;412;"in hours";6,021;0,05;-2,992;"T";"";NA;NA;NA;NA;"Non_uniform";2002;"Austral spring";"V";"N";NA;NA;NA;NA;NA;NA;"";NA;"sampling over a few consecutive days during the month";8,4;2,234;47,09;112;47,86;36,65;70;42;97,67
"169";"RP169";NA;"Dryad Orford et al 2015";"S117";"Gibson et al 2006";"Y";"Y";"frequency";82;33;82;268;610;2,28;18,48;115;2,49;0,402;8,12121212121212;3,26829268292683;0,0990391722099039;3,526;4,419;6,413;4,754;2,094;1,184;-2,312;30;48;177;17;18;51;14;10;38;9;8;13;14;9;34;4;1;4;"Bath, Somerset, UK";" UK";"CI";51,39;51,39;-2,47;110;9,3;4,622;829;16;80;4,394;72;4,29;"cereal fields, farmland";"4";"Temperate broadleaf and mixed forests";"80421";"English Lowlands beech forests";NA;90;4,5;60;"in hours";4,094;0,022;-3,809;"TO";"15-mins observations within random quadrats";NA;NA;240;0,2;"July to September 2002";2002;"summer";"V";"N";NA;NA;0,413;NA;NA;NA;"";NA;"";7,9;2,186;69,78;97;84,35;78,05;64;33;100
"170";"RP170";NA;"Dryad Orford et al 2015";"S117";"Gibson et al 2006";"Y";"Y";"frequency";68;30;68;156;291;1,87;9,7;98;2,27;0,441;5,2;2,29411764705882;0,0764705882352941;3,434;4,234;5,673;4,595;1,649;0,83;-2,571;23;34;87;17;14;34;14;10;29;5;4;5;12;9;23;6;1;6;"Langport, Somerset, UK";" UK";"CI";51;51;-2,94;50;9,5;4,567;859;18;28;3,367;36;3,611;"cereal fields";"4";"Temperate broadleaf and mixed forests";"80409";"Celtic broadleaf forests";NA;90;4,5;30;"in hours";3,401;0,015;-4,22;"TO";"15-mins observations within random quadrats";NA;NA;120;0,2;"July to September 2002";2002;"summer";"V";"N";NA;NA;0,55;NA;NA;NA;"";NA;"";8,4;2,241;64,74;84;85,71;79,41;54;30;100
"172";"RP172";NA;"PhD thesis";"S156";"Fragoso PhD Thesis 2014";"Y";"Y";"binary";111;19;111;167;430;2,57;22,63;130;5,84;0,171;8,78947368421053;1,5045045045045;0,0791844476055002;2,996;4,718;6,064;4,875;2,174;0,408;-2,536;13;47;69;13;41;63;12;26;42;8;15;21;10;25;35;7;1;7;"Brazil";"Brazil";"M";-21,12;21,12;-47,97;595;21,8;1,885;1459;74;68;4,234;65;4,19;"restored areas of atlantic semi-deciduous forest";"7";"Tropical and subtropical grasslands, savannas and shrublands";"60704";"Cerrado";NA;336;5,817;198;"99 hours";5,288;0,094;-2,366;"T";"";NA;NA;1000;0,07;"December 2011 to October 2012";2012;"yearly";"";"N";NA;NA;NA;NA;NA;NA;"";NA;"Non_uniform";8,5;2,243;25,14;30;23,08;16,22;18;12;63,16
"173";"RP173";NA;"original pub";"S161";"Orford et al 2016";"Y";"Y";"frequency";106;29;105;221;798;3,61;27,52;134;3,62;0,276;7,62068965517241;2,1047619047619;0,0725779967159278;3,401;4,663;6,682;4,905;2,031;0,744;-2,623;25;75;158;11;17;26;10;13;18;5;4;8;10;13;18;0;0;0;"South-West England";"UK";"CI";51,66;51,66;-2,16;109;9,3;4,577;735;14;46;3,85;50;3,932;"pasture fields";"4";"Temperate broadleaf and mixed forests";"80421";"English Lowlands beech forests";NA;120;4,787;28;"Non_uniform";3,332;0,009;-4,689;"T";"";NA;NA;4000;1;"May to August 2012 + June 2013";2013;"flowering period";"";"N";NA;NA;0,514;NA;NA;NA;"";NA;"Data taken from publication (dryad?), removed insects marked ""?"" ";7,5;2,118;65,31;117;87,31;85,71;90;27;93,1
"175";"RP175";NA;"Aizen et al. 2008";"S99";"Morales et al 2006";"Y";"Y";"binary";57;18;57;181;822;4,54;45,67;75;3,17;0,316;10,0555555555556;3,17543859649123;0,176413255360624;2,944;4,06;6,712;4,331;2,308;1,155;-1,735;15;17;60;18;22;86;18;15;70;12;7;16;18;14;58;12;1;12;"Nahuel Huapi National Park, Patagonia, Argentina";" Argentina";"M";-41,14;41,14;-71,32;954;7,7;4,267;897;60;56;4,043;64;4,174;"";"4";"Temperate broadleaf and mixed forests";"60404";"Valdivian temperate forests";NA;90;4,5;102;"51 hours";4,625;0,099;-2,308;"TO";"observation of flower patch for 15 min";NA;NA;40000;0,2;"2000-2001 austral flowering season";2001;"Austral spring";"V";"N";NA;NA;NA;NA;NA;NA;"";NA;"";24,1;3,223;63,43;42;56;42,11;24;18;100
"176";"RP176";NA;"Aizen et al. 2008";"S99";"Morales et al 2006";"Y";"Y";"binary";59;17;58;169;750;4,44;44,12;75;3,41;0,293;9,94117647058824;2,91379310344828;0,171399594320487;2,89;4,078;6,62;4,331;2,297;1,069;-1,764;15;21;47;17;23;90;17;19;80;9;4;10;17;18;77;3;1;3;"Nahuel Huapi National Park, Patagonia, Argentina";" Argentina";"M";-41,05;41,05;-71,55;894;8,2;4,084;1218;57;28;3,367;30;3,434;"";"4";"Temperate broadleaf and mixed forests";"60404";"Valdivian temperate forests";NA;90;4,5;102;"51 hours";4,625;0,103;-2,269;"TO";"observation of flower patch for 15 min";NA;NA;40000;0,2;"2000-2001 austral flowering season";2001;"Austral spring";"V";"N";NA;NA;NA;NA;NA;NA;"";NA;"";55,5;4,034;64,95;42;56;43,1;25;17;100
"177";"RP177";NA;"Aizen et al. 2008";"S99";"Morales et al 2006";"Y";"Y";"binary";50;18;49;153;693;4,53;38,5;67;2,72;0,367;8,5;3,12244897959184;0,173469387755102;2,944;3,912;6,541;4,22;2,14;1,139;-1,752;17;24;80;17;19;61;17;17;55;6;2;6;17;16;54;1;1;1;"Nahuel Huapi National Park, Patagonia, Argentina";" Argentina";"M";-41,03;41,03;-71,81;799;8,4;3,92;1840;47;22;3,135;7;2,079;"";"4";"Temperate broadleaf and mixed forests";"60404";"Valdivian temperate forests";NA;90;4,5;102;"51 hours";4,625;0,116;-2,157;"TO";"observation of flower patch for 15 min";NA;NA;40000;0,2;"2000-2001 austral flowering season";2001;"Austral spring";"V";"N";NA;NA;NA;NA;NA;NA;"";NA;"";52,8;3,985;48,31;39;58,21;42,86;21;18;100
"179";"RP179";NA;"DRYAD & Wiley Online Library";"S85";"";"Y";"Y";"frequency";28;23;28;60;281;4,68;12,22;51;1,22;0,821;2,60869565217391;2,14285714285714;0,093167701863354;3,178;3,367;5,638;3,951;0,959;0,762;-2,373;13;16;25;14;9;29;14;9;29;0;0;0;14;8;28;1;1;1;"Berchtesgaden National Park, German Alps, Germany";" Germany";"M";47,54;47,54;12,89;1340;3,8;6,551;1298;29;22;3,135;26;3,296;"montane grassland";"5";"Temperate Coniferous Forest";"80501";"Alps conifer and mixed forests";NA;98;4,585;72;"72 hours";4,277;0,112;-2,191;"T";"";NA;NA;600;0,15;"May 25 to September 2, 2010";2010;"Spring & Summer";"V";"N";NA;NA;0,717;NA;NA;NA;NA;NA;"";15,8;2,821;100;51;100;100;28;23;100
"180";"RP180";NA;"DRYAD & Wiley Online Library";"S85";"";"Y";"Y";"frequency";176;67;176;523;4091;7,82;61,06;243;2,63;0,381;7,80597014925373;2,97159090909091;0,0443521031207598;4,22;5,176;8,317;5,497;2,055;1,089;-3,116;60;137;408;25;18;66;25;18;66;0;0;0;25;17;65;1;1;1;"Berchtesgaden National Park, German Alps, Germany";" Germany";"M";47,53;47,53;12,91;1750;1,5;6,25;1391;25;22;3,135;26;3,296;"montane grassland";"5";"Temperate Coniferous Forest";"80501";"Alps conifer and mixed forests";NA;76;4,331;120;"60 hours";4,787;0,01;-4,588;"T";"";NA;NA;1200;0,15;"Non_uniform";2010;"Summer";"V";"N";NA;NA;0,591;NA;NA;NA;NA;NA;"";15,8;2,821;99,12;239;98,35;99,43;175;64;95,52
"192";"RP192";17;"original pub";"S175";"Grass et al 2013";"Y";"Y";"frequency";134;55;134;435;1470;3,38;26,73;189;2,44;0,41;7,90909090909091;3,24626865671642;0,0590230664857531;4,025;4,905;7,293;5,247;2,068;1,178;-2,83;37;44;145;47;42;158;39;14;91;32;28;67;28;13;62;29;1;29;"Oribi Gorge Nature Reserve, KwaZulu-Natal, South Africa";" South Africa";"M";-30,71;30,71;30,28;410;17,9;2,31;1113;44;41;3,738;24;3,219;"forest edges, heterogeneous subtropical landscape";"1";"Tropical and subtropical moist broadleaf forests";"30116";"KwaZulu-Cape coastal forest mosaic";NA;90;4,5;177,4;"Non_uniform";5,178;0,024;-3,727;"TO";"";NA;NA;6800;0,4;"September to December 2011";2011;"rainy season";"V";"N";NA;NA;0,53;NA;NA;NA;"";NA;"";24,4;3,227;18,36;73;38,62;14,93;20;53;96,36
"203";"RP203";NA;"original pub";"S178";"Robinson et al 2018";"Y";"Y";"frequency";24;8;24;41;411;10,02;51,38;32;3;0,333;5,125;1,70833333333333;0,213541666666667;2,197;3,219;6,019;3,497;1,634;0,536;-1,544;8;16;32;3;3;4;2;2;3;1;1;1;2;2;3;0;0;0;"Alexandra Fiord, Ellesmere Island, Nunavut, Canadian High Arctic";"Canada";"CI";78,88;78,88;-75,81;16;-16,3;13,865;97;54;6;1,946;0;0;"coastal lowland valley";"99";"Rock and Ice";"-9999";"Rock and Ice";NA;40;3,689;51,9;"51.87 hours";3,949;0,27;-1,308;"T";"";NA;NA;NA;NA;"June 23 to August 6 2014";2014;"flowering season";"";"N";NA;NA;0,334;NA;NA;NA;"";NA;"Sampling time from column TotalTime in NetsDay (Rdata from github)";0;0;53,66;21;65,62;54,17;13;8;100
"205";"RP205";NA;"original pub";"S180";"Bennett et al 2018";"Y";"Y";"frequency";132;32;132;399;1916;4,8;59,88;164;4,13;0,242;12,46875;3,02272727272727;0,0944602272727273;3,497;4,89;7,558;5,106;2,523;1,106;-2,36;30;63;193;28;42;125;26;31;106;13;11;19;26;30;94;12;1;12;"Apuseni Mountains, Ghe?ari village, Roumania";"Roumania";"M";46,49;46,49;22,82;1120;6,1;6,839;838;38;28;3,367;8;2,197;"mountain meadow";"5";"Temperate Coniferous Forest";"80504";"Carpathian montane forests";NA;4;1,386;60;"60 hours";4,094;0,014;-4,254;"TO";"";NA;NA;38000;0,39;"10 to 14 July 2017";2017;"mid-summer";"";"N";NA;NA;0,481;NA;NA;NA;"";NA;"";40,8;3,733;81,2;138;84,15;81,06;107;31;96,88
"206";"RP206";NA;"original pub";"S181";"Adedoja et al 2018";"Y";"Y";"frequency";77;34;77;183;1354;7,4;39,82;111;2,27;0,442;5,38235294117647;2,37662337662338;0,0699006875477464;3,555;4,357;7,211;4,718;1,683;0,866;-2,661;21;13;28;29;51;108;28;38;91;11;13;17;26;37;80;11;1;11;"Jonaskop Mountain, Western Cape Province, South Africa";"South Africa";"M";-33,94;33,94;19,51;927;13;3,246;698;50;18;2,944;26;3,296;"Montain slope";"12";"Mediterranean Forests, woodlands and scrubs";"31203";"Montane fynbos and renosterveld";NA;90;4,5;69,9;"Non_uniform";4,247;0,027;-3,623;"T";"";NA;NA;180;0,5;"August-October 2017";2017;"flowering season";"";"N";NA;NA;0,679;NA;NA;NA;"";NA;"";12,6;2,59;5,26;23;20,72;3,9;3;20;58,82
"207";"RP207";NA;"original thesis";"S182";"Cordiniz Picanco thesis";"Y";"Y";"frequency";40;16;40;112;709;6,33;44,31;56;2,5;0,4;7;2,8;0,175;2,833;3,714;6,564;4,043;1,946;1,03;-1,743;13;26;74;12;6;19;11;4;17;2;2;2;11;3;15;2;1;2;"Terceira Island, Azores archipelago";"Azores archipelago (Portugal)";"OI";38,74;38,74;-27,3;809;13,8;3,031;1283;40;34;3,555;12;2,565;"natural forests";"4";"Temperate broadleaf and mixed forests";"80403";"Azores temperate mixed forests";NA;122;4,804;60;"60 hours";4,094;0,094;-2,367;"T";"";NA;NA;100;25;"June to September 2013 and July to October 2014";2014;"flowering season";"";"N";NA;NA;0,423;NA;NA;NA;"";NA;"";41,9;3,759;80,36;48;85,71;80;32;16;100
"208";"RP208";NA;"original thesis";"S182";"Cordiniz Picanco thesis";"Y";"Y";"frequency";37;26;37;110;329;2,99;12,65;63;1,42;0,703;4,23076923076923;2,97297297297297;0,114345114345114;3,296;3,638;5,796;4,159;1,442;1,09;-2,169;21;26;71;17;5;29;13;4;21;8;1;8;11;3;15;6;1;6;"Terceira Island, Azores archipelago";"Azores archipelago (Portugal)";"OI";38,77;38,77;-27,35;309;16;2,949;1161;43;34;3,555;18;2,944;"naturalized vegetation areas";"4";"Temperate broadleaf and mixed forests";"80403";"Azores temperate mixed forests";NA;122;4,804;60;"60 hours";4,094;0,062;-2,775;"T";"";NA;NA;100;25;"June to September 2013 and July to October 2014";2014;"flowering season";"";"N";NA;NA;0,604;NA;NA;NA;"";NA;"";39,9;3,711;91,82;57;90,48;83,78;31;26;100
"209";"RP209";NA;"original thesis";"S182";"Cordiniz Picanco thesis";"Y";"Y";"frequency";40;24;40;147;388;2,64;16,17;64;1,67;0,6;6,125;3,675;0,153125;3,219;3,714;5,961;4,174;1,812;1,302;-1,877;21;22;81;21;9;49;16;5;32;13;4;17;16;4;29;3;1;3;"Terceira Island, Azores archipelago";"Azores archipelago (Portugal)";"OI";38,76;38,76;-27,19;376;16;2,915;1172;44;28;3,367;22;3,135;"exotic forests";"4";"Temperate broadleaf and mixed forests";"80403";"Azores temperate mixed forests";NA;122;4,804;60;"60 hours";4,094;0,063;-2,773;"T";"";NA;NA;100;25;"June to September 2013 and July to October 2014";2014;"flowering season";"";"N";NA;NA;0,504;NA;NA;NA;"";NA;"";46,6;3,863;91,84;60;93,75;90;36;24;100
"210";"RP210";NA;"original thesis";"S182";"Cordiniz Picanco thesis";"Y";"Y";"frequency";30;14;30;90;378;4,2;27;44;2,14;0,467;6,42857142857143;3;0,214285714285714;2,708;3,434;5,935;3,807;1,861;1,099;-1,54;12;19;55;9;6;19;7;4;14;5;2;5;7;3;13;1;1;1;"Terceira Island, Azores archipelago";"Azores archipelago (Portugal)";"OI";38,7;38,7;-27,2;473;15;2,976;1221;42;59;4,094;40;3,714;"semi-natural pastures";"4";"Temperate broadleaf and mixed forests";"80403";"Azores temperate mixed forests";NA;122;4,804;60;"60 hours";4,094;0,143;-1,946;"T";"";NA;NA;100;25;"June to September 2013 and July to October 2014";2014;"flowering season";"";"N";NA;NA;0,479;NA;NA;NA;"";NA;"";45,6;3,842;92,22;41;93,18;90;27;14;100
"211";"RP211";NA;"original thesis";"S182";"Cordiniz Picanco thesis";"Y";"Y";"frequency";34;14;34;101;325;3,22;23,21;48;2,43;0,412;7,21428571428571;2,97058823529412;0,21218487394958;2,708;3,555;5,784;3,892;1,976;1,089;-1,55;13;22;67;10;8;26;7;5;16;8;3;10;6;4;13;3;1;3;"Terceira Island, Azores archipelago";"Azores archipelago (Portugal)";"OI";38,67;38,67;-27,11;228;16,6;2,868;1133;46;59;4,094;42;3,761;"intensively managed pastures";"4";"Temperate broadleaf and mixed forests";"80403";"Azores temperate mixed forests";NA;122;4,804;60;"60 hours";4,094;0,126;-2,071;"T";"";NA;NA;100;25;"June to September 2013 and July to October 2014";2014;"flowering season";"";"N";NA;NA;0,455;NA;NA;NA;"";NA;"";37;3,638;95,05;46;95,83;94,12;32;14;100
"215";"RP215";NA;"";"";"Benadi & Pauw 2018";"Y";"Y";"frequency";80;38;80;235;529;2,25;13,92;118;2,11;0,475;6,18421052631579;2,9375;0,0773026315789474;3,664;4,394;6,271;4,779;1,822;1,078;-2,56;19;18;39;22;22;69;22;19;66;2;3;3;21;18;57;9;1;9;"";"South Africa";"M";-33,94;33,94;18,97;528;15,9;3,513;1051;60;28;3,367;18;2,944;"";"12";"Mediterranean Forests, woodlands and scrubs";"31203";"Montane fynbos and renosterveld";NA;37;3,611;97;"";4,575;0,032;-3,445;"TO";"";NA;NA;1080;0,2;"";2017;"";"V";"N";NA;NA;0,538;NA;NA;NA;"";NA;"";14,4;2,734;4,26;36;30,51;3,75;3;33;86,84
"216";"RP216";NA;"";"";"Hackett et al 2019";"Y";"Y";"frequency";220;43;220;527;1628;3,09;37,86;263;5,12;0,195;12,2558139534884;2,39545454545455;0,055708245243129;3,784;5,398;7,395;5,576;2,506;0,874;-2,888;32;136;310;36;46;140;29;24;99;21;22;41;29;23;96;3;1;3;"";"UK";"CI";50,72;50,72;-1,75;0;10,2;4,373;794;24;89;4,5;75;4,331;"";"4";"Temperate broadleaf and mixed forests";"80421";"English Lowlands beech forests";NA;122;4,804;48;"";3,871;0,005;-5,284;"T";"Random";NA;NA;NA;2;"";2013;"";"V";"N";NA;NA;0,504;NA;NA;NA;"";NA;"";17,4;2,907;83,94;211;80,23;77,27;170;41;95,35
"217";"RP217";NA;"";"";"Hackett et al 2019";"Y";"Y";"frequency";53;21;53;96;347;3,61;16,52;74;2,52;0,396;4,57142857142857;1,81132075471698;0,0862533692722372;3,091;3,989;5,849;4,317;1,52;0,594;-2,45;17;37;57;16;10;28;15;3;19;6;7;9;7;2;8;11;1;11;"";"NZ";"CI";-46,59;46,59;169,43;13;10,1;3,29;1139;14;14;2,708;23;3,178;"";"4";"Temperate broadleaf and mixed forests";"10410";"South Island temperate forests";NA;122;4,804;24;"";3,178;0,022;-3,837;"T";"Random";NA;NA;NA;2;"";2015;"";"V";"N";NA;NA;0,623;NA;NA;NA;"";NA;"";37;3,638;32;33;44,59;22,64;12;21;100
"218";"RP218";NA;"";"";"Nel et al 2017";"Y";"Y";"binary";118;17;118;280;3625;12,95;213,24;135;6,94;0,144;16,4705882352941;2,3728813559322;0,139581256231306;2,89;4,779;8,196;4,913;2,802;0,864;-1,969;10;30;66;9;28;66;8;6;15;9;22;51;4;5;8;7;1;7;"";"South Africa";"M";-24,41;24,41;30,89;534;21,4;3,182;601;80;27;3,332;10;2,398;"";"7";"Tropical and subtropical grasslands, savannas and shrublands";"30725";"Zambezian and Mopane woodlands";NA;152;5,024;200;"";5,298;0,1;-2,306;"T";"";NA;NA;480;5;"";2013;"";"V";"N";NA;NA;NA;NA;NA;NA;"";NA;"";8,7;2,272;30,36;34;25,19;19,49;23;11;64,71
"219";"RP219";NA;"";"";"Oleques et al 2019";"Y";"Y";"frequency";150;62;150;562;3359;5,98;54,18;212;2,42;0,413;9,06451612903226;3,74666666666667;0,0604301075268817;4,143;5,017;8,119;5,361;2,204;1,321;-2,806;36;41;133;49;57;211;42;22;116;35;35;95;38;21;96;20;1;20;"";"Brazil";"M";-30,1;30,1;-51,68;42;19,4;3,38;1360;8;44;3,807;46;3,85;"";"7";"Tropical and subtropical grasslands, savannas and shrublands";"60710";"Uruguayan savanna";NA;183;5,209;130,8;"";4,874;0,014;-4,264;"TO";"";NA;NA;1200;NA;"";2015;"";"V";"N";NA;NA;0,489;NA;NA;NA;"";NA;"";19,9;3,04;35,92;96;45,28;23,33;35;61;98,39
"220";"RP220";NA;"";"";"Jolls et al 2019";"Y";"Y";"frequency";59;21;59;136;600;4,41;28,57;80;2,81;0,356;6,47619047619048;2,30508474576271;0,109765940274415;3,091;4,094;6,397;4,394;1,868;0,835;-2,209;17;16;41;18;22;58;16;10;34;11;12;24;16;10;34;0;0;0;"";"USA";"M";45,71;45,71;-84,95;176;6,3;9,512;770;25;27;3,332;8;2,197;"";"4";"Temperate broadleaf and mixed forests";"50416";"Western Great Lakes forests";NA;41;3,714;233,5;"";5,453;0,188;-1,669;"T";"";NA;NA;4400;2,4;"";2015;"";"V";"N";NA;NA;0,642;NA;NA;NA;"";NA;"";56,9;4,059;61,76;56;70;59,32;35;21;100
"221";"RP221";NA;"";"";"Biella et al 2019";"Y";"Y";"frequency";25;16;25;84;401;4,77;25,06;41;1,56;0,64;5,25;3,36;0,21;2,833;3,258;5,994;3,738;1,658;1,212;-1,561;12;8;27;13;8;33;13;8;33;0;0;0;13;7;32;1;1;1;"";"UK";"CI";52,27;52,27;-0,88;123;9,4;4,936;641;10;78;4,369;76;4,344;"";"4";"Temperate broadleaf and mixed forests";"80409";"Celtic broadleaf forests";NA;10;2,303;3;"";1,099;0,008;-4,893;"T";"";NA;NA;600;0,1;"";2008;"";"V";"N";NA;NA;0,277;NA;NA;NA;"";NA;"";7,6;2,152;97,62;40;97,56;96;24;16;100
"223";"RP223";NA;"";"";"Adedoja et al 2019";"Y";"Y";"frequency";76;60;76;247;1175;4,76;19,58;136;1,27;0,789;4,11666666666667;3,25;0,0541666666666667;4,111;4,344;7,069;4,92;1,415;1,179;-2,916;35;18;67;41;34;97;40;26;88;8;8;9;40;26;88;0;0;0;"";"South Africa";"M";-34,08;34,08;18,9;138;16,3;3,423;777;60;59;4,094;24;3,219;"";"12";"Mediterranean Forests, woodlands and scrubs";"31202";"Lowland fynbos and renosterveld";NA;93;4,533;45;"";3,807;0,01;-4,618;"T";"";NA;NA;270;NA;"";2017;"";"V";"N";NA;NA;0,623;NA;NA;NA;"";NA;"";18;2,944;8,47;36;26,47;6,58;5;31;51,67
"224";"RP224";NA;"";"";"Villalobos et al 2019";"Y";"Y";"binary";98;33;98;201;343;1,71;10,39;131;2,97;0,337;6,09090909090909;2,05102040816327;0,062152133580705;3,526;4,595;5,838;4,883;1,807;0,718;-2,778;14;40;67;22;38;97;22;28;84;5;10;13;22;27;81;3;1;3;"";"Canada";"M";51,17;51,17;-114,4;1188;2,9;9,063;469;52;64;4,174;70;4,263;"";"8";"Temperate grasslands, savannas and shrublands";"50802";"Canadian Aspen forests and parklands";NA;93;4,533;24;"";3,178;0,007;-4,903;"T";"";NA;NA;900;5;"";2015;"";"V";"N";NA;NA;NA;NA;NA;NA;"";NA;"";5,6;1,887;32,34;70;53,44;37,76;37;33;100
"225";"RP225";NA;"";"";"Lara-Romero et al 2019";"Y";"Y";"frequency";126;11;126;357;4796;13,43;436;137;11,46;0,087;32,4545454545455;2,83333333333333;0,257575757575758;2,485;4,844;8,476;4,927;3,48;1,041;-1,356;11;47;132;11;44;131;11;19;90;10;25;41;11;18;81;9;1;9;"";"Canary Islands (Spain)";"OI";28,27;28,27;-16,62;2933;6,7;4,809;558;86;47;3,871;18;2,944;"";"12";"Mediterranean Forests, woodlands and scrubs";"81203";"Canary Islands dry woodlands and forests";NA;93;4,533;216,9;"";5,379;0,156;-1,855;"TO";"";NA;NA;40000;1;"";2015;"";"V";"N";NA;NA;0,381;NA;NA;NA;"";NA;"";2;1,075;76,1;93;67,88;65,08;82;11;100
"231";"RP231";NA;"";"";"Ferrero et al. 2013";"Y";"Y";"binary";13;7;13;49;1211;24,71;173;20;1,86;0,538;7;3,76923076923077;0,538461538461538;2,079;2,639;7,099;3,045;1,946;1,327;-0,619;6;2;7;7;9;38;7;9;38;0;0;0;7;8;31;7;1;7;"";"Portugal";"M";40,17;40,17;-8,41;136;16;4,381;936;53;48;3,892;60;4,111;"";"12";"Mediterranean Forests, woodlands and scrubs";"81221";"Southwest Iberian Mediterranean sclerophyllous and mixed forests";NA;5;1,609;31;"";3,434;0,341;-1,077;"T";"";NA;NA;72;0,05;"";2011;"";"V";"N";NA;NA;NA;NA;NA;NA;"";NA;"";25,2;3,266;34,69;11;55;30,77;4;7;100
"232";"RP232";NA;"";"";"Sritongchuay et al 2019";"Y";"Y";"frequency";135;42;128;618;14419;23,33;343,31;170;3,05;0,328;14,7142857142857;4,828125;0,114955357142857;3,761;4,86;9,576;5,142;2,689;1,574;-2,163;35;36;155;42;51;294;41;37;242;23;14;52;41;36;239;3;1;3;"";"Thailand";"M";7,7;7,7;99,88;65;27,1;0,778;2023;58;30;3,434;28;3,367;"";"1";"Tropical and subtropical moist broadleaf forests";"40163";"Tenasserim-South Thailand semi-evergreen rain forests";NA;365;5,9;614;"";6,42;0,114;-2,17;"TO";"";NA;NA;3000;0,15;"";2013;"";"V";"N";NA;NA;0,437;NA;NA;NA;"";NA;"";38,5;3,636;50,31;93;54,71;41,41;53;40;95,24
"233";"RP233";5;"";"";"Neli 2014";"Y";"Y";"binary";164;72;164;990;13219;13,35;183,6;236;2,28;0,439;13,75;6,03658536585366;0,0838414634146342;4,29;5,106;9,489;5,468;2,621;1,798;-2,479;35;28;96;67;60;565;63;30;488;30;30;77;63;30;488;0;0;0;"";"India";"M";26,08;26,08;91,64;172;24;3,909;2223;90;28;3,367;32;3,497;"";"1";"Tropical and subtropical moist broadleaf forests";"40126";"Meghalaya subtropical forests";NA;365;5,9;1216,7;"";7,104;0,103;-2,273;"T";"";NA;NA;20000;2,5;"";2012;"";"V";"N";NA;NA;NA;NA;NA;NA;"";NA;"";55,5;4,034;78,48;192;81,36;73,78;121;71;98,61
"234";"RP234";NA;"";"";"Son 2019";"Y";"Y";"frequency";34;38;34;99;534;5,39;14,05;72;0,9;1,118;2,60526315789474;2,91176470588235;0,076625386996904;3,664;3,555;6,28;4,29;0,958;1,069;-2,569;13;5;16;31;11;56;22;5;29;21;6;27;22;5;29;0;0;0;"";"South Korea";"M";34,9;34,9;126,44;83;13,7;8,566;1184;63;58;4,078;49;3,912;"";"4";"Temperate broadleaf and mixed forests";"80439";"Southern Korea evergreen forests";NA;42;3,738;32;"";3,466;0,025;-3,698;"T";"";NA;NA;2400;0,05;"";2018;"";"V";"N";NA;NA;0,522;NA;NA;NA;"";NA;"";25,6;3,257;98,18;70;97,22;94,12;32;38;100
"235";"RP235";NA;"original pub";"";"Baldock et al 2019";"Y";"Y";"frequency";180;193;180;662;1379;2,08;7,15;373;0,93;1,07;3,4300518134715;3,67777777777778;0,019055843408175;5,268;5,198;7,229;5,924;1,233;1,303;-3,963;122;100;337;122;47;261;119;35;245;14;12;16;103;34;199;46;1;46;"Bristol, UK";"UK";"CI";51,47;51,47;-2,580514;25;9,8;4,607;809;16;100;4,615;76;4,344;"";"4";"Temperate broadleaf and mixed forests";"80421";"English Lowlands beech forests";NA;152;5,024;51;"";3,932;0,001;-6,908;"T";"";NA;NA;108000;15;"";2013;"";"V";"N";NA;NA;0,628;NA;NA;98,5;"";NA;"";8,2;2,219;89,27;339;90,88;91,67;165;174;90,16
"236";"RP236";NA;"original pub";"";"Baldock et al 2019";"Y";"Y";"frequency";129;137;129;425;1507;3,55;11;266;0,94;1,06;3,1021897810219;3,29457364341085;0,0240479827986194;4,927;4,868;7,318;5,587;1,131;1,191;-3,73;95;90;272;77;24;134;74;17;121;8;7;13;70;16;107;14;1;14;"Edinburgh, UK";"UK";"CI";55,97;55,97;-3,164723;10;8,8;4,257;659;17;50;3,932;84;4,443;"";"4";"Temperate broadleaf and mixed forests";"80409";"Celtic broadleaf forests";NA;152;5,024;81,4;"";4,399;0,005;-5,298;"T";"";NA;NA;108000;15;"";2013;"";"V";"N";NA;NA;0,598;NA;NA;93,6;"";NA;"";9,6;2,361;78,12;232;87,22;85,27;110;122;89,05
"237";"RP237";NA;"original pub";"";"Baldock et al 2019";"Y";"Y";"frequency";126;154;126;573;1079;1,88;7,01;280;0,82;1,22;3,72077922077922;4,54761904761905;0,0295299938157081;5,043;4,844;6,984;5,638;1,314;1,515;-3,507;112;76;340;92;31;206;91;26;201;5;5;5;86;25;179;22;1;22;"Leeds, UK";"UK";"CI";53,8;53,8;-1,507525;65;9,3;4,506;706;11;81;4,407;92;4,533;"";"4";"Temperate broadleaf and mixed forests";"80409";"Celtic broadleaf forests";NA;152;5,024;75,68;"";4,327;0,004;-5,521;"T";"";NA;NA;108000;15;"";2013;"";"V";"N";NA;NA;0,558;NA;NA;99,3;"";NA;"";10,1;2,407;86,04;254;90,71;90,48;114;140;90,91
"238";"RP238";NA;"original pub";"";"Baldock et al 2019";"Y";"Y";"frequency";167;156;167;574;956;1,67;6,13;323;1,07;0,93;3,67948717948718;3,43712574850299;0,0220328573621987;5,056;5,124;6,863;5,781;1,303;1,235;-3,817;86;92;271;115;42;232;110;34;218;11;8;14;87;33;169;49;1;49;"Reading, UK";"UK";"CI";51,44;51,44;-0,960356;63;9,8;4,983;709;15;94;4,554;92;4,533;"";"4";"Temperate broadleaf and mixed forests";"80421";"English Lowlands beech forests";NA;152;5,024;47,6;"";3,863;0,002;-6,215;"T";"";NA;NA;108000;15;"";2013;"";"V";"N";NA;NA;0,582;NA;NA;97,4;"";NA;"";8;2,197;81,18;280;86,69;83,83;140;140;89,74
